-- phpMyAdmin SQL Dump
-- version 4.3.8
-- http://www.phpmyadmin.net
--
-- Host: localhost
-- Generation Time: Dec 05, 2017 at 04:50 PM
-- Server version: 5.5.51-38.2
-- PHP Version: 5.6.30

SET SQL_MODE = "NO_AUTO_VALUE_ON_ZERO";
SET time_zone = "+00:00";


/*!40101 SET @OLD_CHARACTER_SET_CLIENT=@@CHARACTER_SET_CLIENT */;
/*!40101 SET @OLD_CHARACTER_SET_RESULTS=@@CHARACTER_SET_RESULTS */;
/*!40101 SET @OLD_COLLATION_CONNECTION=@@COLLATION_CONNECTION */;
/*!40101 SET NAMES utf8 */;

--
-- Database: `clawnetn_crop_assessments`
--

CREATE DATABASE IF NOT EXISTS `clawnetn_crop_assessments`;

-- --------------------------------------------------------

--
-- Table structure for table `account_type`
--

CREATE TABLE IF NOT EXISTS `account_type` (
  `account_type` tinyint(2) unsigned NOT NULL,
  `account_name` varchar(255) COLLATE utf8_unicode_ci NOT NULL
) ENGINE=InnoDB DEFAULT CHARSET=utf8 COLLATE=utf8_unicode_ci ROW_FORMAT=COMPACT COMMENT='user account type lookup table';

--
-- Dumping data for table `account_type`
--

INSERT INTO `account_type` (`account_type`, `account_name`) VALUES
(1, 'public'),
(5, 'standard'),
(9, 'owner'),
(88, 'administrator');

-- --------------------------------------------------------

--
-- Table structure for table `crop`
--

CREATE TABLE IF NOT EXISTS `crop` (
  `crop_id` mediumint(9) unsigned NOT NULL,
  `crop_plant_date` date NOT NULL,
  `crop_bed_width` decimal(4,2) NOT NULL,
  `crop_bed_rows` tinyint(3) unsigned NOT NULL,
  `crop_plant_spacing` smallint(5) unsigned NOT NULL,
  `crop_target_population` int(10) unsigned NOT NULL,
  `crop_zone_count` tinyint(3) unsigned NOT NULL,
  `crop_zone_sample_count` tinyint(3) unsigned NOT NULL,
  `crop_sample_plot_width` decimal(5,2) unsigned NOT NULL,
  `paddock_id` mediumint(9) unsigned NOT NULL,
  `farm_id` mediumint(8) unsigned NOT NULL,
  `variety_id` tinyint(3) unsigned DEFAULT NULL
) ENGINE=InnoDB AUTO_INCREMENT=36 DEFAULT CHARSET=utf8 COLLATE=utf8_unicode_ci ROW_FORMAT=COMPACT COMMENT='Crop information';

--
-- Dumping data for table `crop`
--

INSERT INTO `crop` (`crop_id`, `crop_plant_date`, `crop_bed_width`, `crop_bed_rows`, `crop_plant_spacing`, `crop_target_population`, `crop_zone_count`, `crop_zone_sample_count`, `crop_sample_plot_width`, `paddock_id`, `farm_id`, `variety_id`) VALUES
(1, '2016-09-09', '1.82', 8, 75, 752000, 6, 15, '1.00', 5, 6, 1),
(2, '2016-09-15', '2.00', 11, 90, 8708000, 2, 15, '1.00', 6, 7, 1),
(3, '2016-09-15', '1.82', 8, 72, 5220000, 2, 15, '1.00', 7, 8, 5),
(4, '2016-07-26', '1.82', 9, 76, 4265000, 2, 15, '1.00', 8, 9, 1),
(26, '2017-09-10', '2.00', 11, 72, 965000, 7, 4, '0.50', 9, 6, 1),
(27, '2017-09-12', '1.74', 10, 72, 9555000, 2, 8, '0.50', 11, 11, 1),
(28, '2017-09-16', '1.80', 10, 72, 13048000, 3, 8, '0.50', 12, 12, 1),
(29, '2017-09-10', '2.00', 11, 72, 936000, 7, 4, '0.50', 13, 6, 1),
(30, '2017-08-14', '1.72', 8, 66, 1995000, 3, 6, '0.50', 10, 10, 1),
(31, '2017-09-10', '2.00', 11, 72, 980000, 3, 8, '0.50', 5, 6, 1),
(32, '2017-09-10', '2.00', 11, 72, 15000, 7, 4, '0.50', 16, 6, 1),
(33, '2017-09-10', '2.00', 11, 72, 7000, 6, 4, '0.50', 17, 6, 1),
(34, '2017-09-12', '1.74', 10, 72, 6855000, 2, 8, '0.50', 15, 14, 1),
(35, '2017-09-04', '1.72', 8, 70, 650000, 2, 8, '0.50', 14, 13, 1);

-- --------------------------------------------------------

--
-- Table structure for table `farm`
--

CREATE TABLE IF NOT EXISTS `farm` (
  `farm_id` mediumint(8) unsigned NOT NULL,
  `farm_name` varchar(255) COLLATE utf8_unicode_ci NOT NULL,
  `farm_contact_firstname` varchar(128) COLLATE utf8_unicode_ci NOT NULL,
  `farm_contact_lastname` varchar(128) COLLATE utf8_unicode_ci NOT NULL,
  `farm_email_address` varchar(128) COLLATE utf8_unicode_ci NOT NULL,
  `farm_phone_number` varchar(40) COLLATE utf8_unicode_ci DEFAULT NULL
) ENGINE=InnoDB AUTO_INCREMENT=15 DEFAULT CHARSET=utf8 COLLATE=utf8_unicode_ci ROW_FORMAT=COMPACT COMMENT='farm information';

--
-- Dumping data for table `farm`
--

INSERT INTO `farm` (`farm_id`, `farm_name`, `farm_contact_firstname`, `farm_contact_lastname`, `farm_email_address`, `farm_phone_number`) VALUES
(6, 'LandWISE', 'Dan', 'Bloomer', 'info@landwise.org.nz', '+64 6 650 4532'),
(7, 'Apatu Farms', 'Mark', 'Apatu', 'mark@apatugroup.com', ''),
(8, 'G. & J. Steenkamer', 'Gerry', 'Steenkamer', 'justin.pishief@gmail.com', ''),
(9, 'BOSTOCK New Zealand Ltd', 'John', 'Bostock', 'justin.pishief@gmail.com', ''),
(10, 'A. S. Wilcox and Sons Ltd', 'Brent', 'Wilcox', 'brent@aswilcox.co.nz', ''),
(11, 'Pye Produce Ltd.', 'Dean', 'Pye', 'dean.p@xtra.co.nz', '027 434 7902'),
(12, 'Lepoutre Kroef Partnership', 'Jon', 'Leptoutre', 'lepo@rdeleven.co.nz', '021 890 779'),
(13, 'R C Wymer Limited', 'Murray', 'Wymer', 'justin.pishief@gmail.com', ''),
(14, 'Lovett Family Farms Limited', 'Daniel', 'Lovett', 'daniel@lffl.co.nz', '027 279 2076');

-- --------------------------------------------------------

--
-- Table structure for table `farm_users`
--

CREATE TABLE IF NOT EXISTS `farm_users` (
  `farm_id` mediumint(8) unsigned NOT NULL,
  `user_id` int(11) NOT NULL
) ENGINE=InnoDB DEFAULT CHARSET=utf8 COLLATE=utf8_unicode_ci;

--
-- Dumping data for table `farm_users`
--

INSERT INTO `farm_users` (`farm_id`, `user_id`) VALUES
(6, 1),
(7, 1),
(8, 1),
(9, 1),
(10, 1),
(11, 1),
(12, 1),
(13, 1),
(14, 1),
(6, 2),
(7, 2),
(8, 2),
(9, 2),
(10, 2),
(11, 2),
(12, 2),
(13, 2),
(14, 2),
(6, 3),
(6, 12),
(7, 12),
(8, 12),
(9, 12),
(10, 12),
(11, 12),
(12, 12),
(10, 18),
(11, 19),
(10, 20),
(10, 21),
(11, 22),
(12, 22),
(14, 22),
(13, 23),
(12, 24),
(14, 25),
(13, 26);

-- --------------------------------------------------------

--
-- Table structure for table `growth_stage`
--

CREATE TABLE IF NOT EXISTS `growth_stage` (
  `growth_stage_id` tinyint(3) unsigned NOT NULL,
  `growth_stage_name` varchar(64) COLLATE utf8_unicode_ci NOT NULL
) ENGINE=InnoDB AUTO_INCREMENT=6 DEFAULT CHARSET=utf8 COLLATE=utf8_unicode_ci ROW_FORMAT=COMPACT COMMENT='Growth stage lookup';

--
-- Dumping data for table `growth_stage`
--

INSERT INTO `growth_stage` (`growth_stage_id`, `growth_stage_name`) VALUES
(1, 'emergence'),
(2, 'threeleaf'),
(3, 'fiveleaf'),
(4, 'bulbing'),
(5, 'harvest');

-- --------------------------------------------------------

--
-- Table structure for table `image`
--

CREATE TABLE IF NOT EXISTS `image` (
  `image_id` mediumint(8) unsigned NOT NULL,
  `image_name` varchar(255) COLLATE utf8_unicode_ci NOT NULL,
  `sample_id` mediumint(9) DEFAULT NULL,
  `zone_id` mediumint(9) DEFAULT NULL,
  `paddock_id` mediumint(9) DEFAULT NULL,
  `farm_id` mediumint(8) unsigned DEFAULT NULL
) ENGINE=InnoDB DEFAULT CHARSET=utf8 COLLATE=utf8_unicode_ci ROW_FORMAT=COMPACT COMMENT='Image information';

-- --------------------------------------------------------

--
-- Table structure for table `leaf_number`
--

CREATE TABLE IF NOT EXISTS `leaf_number` (
  `zone_id` int(11) NOT NULL,
  `growth_stage_id` int(11) NOT NULL,
  `mean_leaf_number` float NOT NULL
) ENGINE=InnoDB DEFAULT CHARSET=latin1;

--
-- Dumping data for table `leaf_number`
--

INSERT INTO `leaf_number` (`zone_id`, `growth_stage_id`, `mean_leaf_number`) VALUES
(12, 2, 3),
(12, 3, 5),
(13, 2, 3),
(13, 3, 5),
(14, 2, 3),
(14, 3, 5),
(15, 2, 3),
(15, 3, 5),
(16, 2, 3),
(16, 3, 5),
(17, 2, 3),
(17, 3, 5),
(18, 2, 3),
(18, 3, 5),
(19, 2, 3),
(19, 3, 5),
(20, 2, 3),
(20, 3, 5),
(21, 2, 3),
(21, 3, 5),
(22, 2, 3),
(22, 3, 5),
(23, 2, 3),
(23, 3, 5),
(38, 2, 2.475),
(39, 2, 3.475),
(53, 2, 2.57),
(54, 2, 2.43),
(55, 2, 3.39),
(40, 2, 2.8),
(41, 2, 2.99),
(42, 2, 3.21),
(50, 2, 3.43),
(51, 2, 3.95),
(52, 2, 4),
(50, 3, 5.4),
(51, 3, 6.73),
(52, 3, 7.17),
(53, 3, 4.24),
(54, 3, 4.3),
(55, 3, 5.16),
(63, 2, 3.1),
(64, 2, 3.17),
(65, 2, 2.9),
(66, 2, 2.48),
(67, 2, 2.48),
(68, 2, 2.56),
(63, 3, 5),
(64, 3, 5.07),
(65, 3, 4.87),
(66, 3, 4.36),
(67, 3, 4.11),
(68, 3, 4.22),
(56, 2, 2.5),
(57, 2, 3.23),
(58, 2, 3.18),
(59, 2, 3),
(60, 2, 2.88),
(61, 2, 2.43),
(62, 2, 3),
(56, 3, 3.78),
(57, 3, 5.2),
(58, 3, 4.98),
(59, 3, 4.68),
(60, 3, 4.45),
(61, 3, 4.45),
(62, 3, 4.7),
(69, 2, 3.2),
(70, 2, 3.91),
(71, 2, 4.19),
(72, 2, 4.5),
(71, 3, 6.54),
(72, 3, 6.34);

-- --------------------------------------------------------

--
-- Table structure for table `paddock`
--

CREATE TABLE IF NOT EXISTS `paddock` (
  `paddock_id` mediumint(9) NOT NULL,
  `paddock_name` varchar(128) COLLATE utf8_unicode_ci NOT NULL,
  `paddock_address` varchar(255) COLLATE utf8_unicode_ci NOT NULL,
  `paddock_area` decimal(6,2) NOT NULL,
  `paddock_longitude` decimal(18,14) DEFAULT NULL,
  `paddock_latitude` decimal(18,14) DEFAULT NULL,
  `paddock_google_place_id` varchar(255) COLLATE utf8_unicode_ci DEFAULT NULL,
  `paddock_google_latlong_paths` varchar(1024) COLLATE utf8_unicode_ci DEFAULT NULL,
  `paddock_google_area` decimal(6,2) unsigned DEFAULT NULL,
  `farm_id` mediumint(8) unsigned NOT NULL,
  `variety_id` tinyint(3) unsigned DEFAULT NULL
) ENGINE=InnoDB AUTO_INCREMENT=18 DEFAULT CHARSET=utf8 COLLATE=utf8_unicode_ci ROW_FORMAT=COMPACT COMMENT='Paddock information';

--
-- Dumping data for table `paddock`
--

INSERT INTO `paddock` (`paddock_id`, `paddock_name`, `paddock_address`, `paddock_area`, `paddock_longitude`, `paddock_latitude`, `paddock_google_place_id`, `paddock_google_latlong_paths`, `paddock_google_area`, `farm_id`, `variety_id`) VALUES
(5, 'Microfarm', '21 Ruahapia Road Hastings 4180', '1.35', '176.88082329999997', '-39.62455390000000', 'ChIJj9mca5bKaW0R4f2RV86B_5w', '"[{\\"type\\":\\"polygon\\",\\"id\\":null,\\"geometry\\":[[[-39.62515004107401,176.87642946839333],[-39.625461995331264,176.8765340745449],[-39.62494154354451,176.8790701031685],[-39.62484237868393,176.87939196825027],[-39.62456967458457,176.8808349967003],[-39.62425978225805,176.88072234392166]]]}]"', '0.00', 6, NULL),
(6, 'Stock Road', '234 Stock Rd Bridge Pa 4175', '15.00', '176.79237820000003', '-39.63640570000000', 'ChIJmRPThbrJaW0RYY2EtE6Ul0U', '"[{\\"type\\":\\"polygon\\",\\"id\\":null,\\"geometry\\":[[[-39.63648120633958,176.79221212863922],[-39.63657209217602,176.79257690906525],[-39.63630769668385,176.79272711277008],[-39.63753877959147,176.7944437265396],[-39.63833194891862,176.7960423231125],[-39.63815018175121,176.79798424243927],[-39.63856328825901,176.79849922657013],[-39.63969518744781,176.79788768291473],[-39.63981085493482,176.79760873317719],[-39.639645615608444,176.79710447788239],[-39.64013307048576,176.7967826128006],[-39.640298308647516,176.79704010486603],[-39.640934471884385,176.79655730724335],[-39.64119058789897,176.79704010486603],[-39.641942406850134,176.79664313793182],[-39.64057095075129,176.79362833499908],[-39.63905901281137,176.79441154003143],[-39.63781969476843,176.7916864156723]]]}]"', '0.00', 7, NULL),
(7, 'MaizeMaze', '157 Longlands Road West, Paki Paki', '9.00', '176.79776960000004', '-39.66062060000000', 'ChIJt04_FhLJaW0RpBB4A7V9cu0', '"[{\\"type\\":\\"polygon\\",\\"id\\":null,\\"geometry\\":[[[-39.65959508721318,176.79488629102707],[-39.65945054419274,176.7952725291252],[-39.66039213329627,176.79757922887802],[-39.66193664202749,176.79675310850143],[-39.66215138382365,176.7968013882637],[-39.663538930112644,176.79607719182968],[-39.66255608770256,176.79353445768356],[-39.66246523601769,176.79350763559341]]]}]"', '0.00', 8, NULL),
(8, 'Richmond Road', '45 Richmond Road Tomoana Hastings', '6.90', '176.85626079999997', '-39.61613759999999', 'ChIJIRzyk3vKaW0Ror5cpVOhd7o', '"[{\\"type\\":\\"polygon\\",\\"id\\":null,\\"geometry\\":[[[-39.614830451090754,176.8548148870468],[-39.61264847258856,176.85824811458588],[-39.61457423748199,176.86026513576508],[-39.61526022662753,176.85919225215912],[-39.614309757923415,176.85814082622528],[-39.615772647818574,176.8558233976364]]]}]"', '0.00', 9, NULL),
(10, 'Craig 3', '842 State Highway 22, Pukekawa', '2.98', '174.98327610000001', '-37.34474030000000', 'EiY4NDIgSHd5IDIyLCBQdWtla2F3YSAyNjk2LCBOZXcgWmVhbGFuZA', '"[{\\"type\\":\\"polygon\\",\\"id\\":null,\\"geometry\\":[[[-37.34444473707011,174.97502088546753],[-37.344687826249604,174.97786939144135],[-37.34555355851437,174.9774831533432],[-37.34560473449343,174.9772846698761],[-37.34563458713177,174.9759542942047],[-37.34555782318062,174.97459173202515]]]}]"', '0.00', 10, NULL),
(11, 'Te Ra 01', 'Kyle Road, Dorie 7777', '12.60', '172.05090730000006', '-43.88395770000000', 'EhtLeWxlIFJkLCBEb3JpZSwgTmV3IFplYWxhbmQ', '"[{\\"type\\":\\"polygon\\",\\"id\\":null,\\"geometry\\":[[[-43.862766136214404,172.03264832496643],[-43.86185720713868,172.03464925289154],[-43.86698957377041,172.03887104988098],[-43.867855882950714,172.03683257102966]]]}]"', '0.00', 11, NULL),
(12, 'Sprotts 10 (SPR10)', '347-815 Mccrorys Road Pendarves 7777', '18.30', '172.04948479999996', '-43.88016520000000', 'EjAzNDcvODE1IE1jY3JvcnlzIFJkLCBQZW5kYXJ2ZXMgNzc3NywgTmV3IFplYWxhbmQ', '"[{\\"type\\":\\"polygon\\",\\"id\\":null,\\"geometry\\":[[[-43.88735997544979,172.01903343200684],[-43.885983607341934,172.03463315963745],[-43.88723625826905,172.03484773635864],[-43.88862806173713,172.0192050933838]]]}]"', '17.80', 12, NULL),
(14, 'Wymer 1', '189 Clark and Denize Road Pukekawa 2696', '1.10', '175.00380429999996', '-37.33841360000000', 'EjMxODkgQ2xhcmsgQW5kIERlbml6ZSBSZCwgUHVrZWthd2EgMjY5NiwgTmV3IFplYWxhbmQ', '"[{\\"type\\":\\"polygon\\",\\"id\\":null,\\"geometry\\":[[[-37.332545199512936,175.00590920448303],[-37.33246842218213,175.00550150871277],[-37.33467787178276,175.00485241413116],[-37.334925257846955,175.00492751598358],[-37.33498497160245,175.00520646572113]]]}]"', '1.03', 13, NULL),
(15, 'East', '1077-1317 Chertsey Kyle Road Pendarves 7777', '9.10', '172.00079299999993', '-43.90898560000000', 'ChIJK9L1G5-RLW0RmgBtNCa4KAk', '"[{\\"type\\":\\"polygon\\",\\"id\\":null,\\"geometry\\":[[[-43.91254653298075,171.98562383651733],[-43.90974855274059,171.99148178100586],[-43.910954328309835,171.99257612228394],[-43.913752251864466,171.9867181777954]]]}]"', '9.04', 14, NULL),
(16, 'Microfarm 2017/18 Variety Trial', '21 Ruahapia Road Hastings 4180', '0.04', '176.88082329999997', '-39.62455390000000', 'ChIJj9mca5bKaW0R4f2RV86B_5w', '"[{\\"type\\":\\"polygon\\",\\"id\\":null,\\"geometry\\":[[[-39.62526854124776,176.8765850365162],[-39.625378035098805,176.87661856412888],[-39.625343947409036,176.8768036365509],[-39.62523342054186,176.8767647445202]]]}]"', '0.02', 6, NULL),
(17, 'Microfarm 2017/18 Fertiliser Trial', '21 Ruahapia Road Hastings 4180', '0.01', '176.88082329999997', '-39.62455390000000', 'ChIJj9mca5bKaW0R4f2RV86B_5w', '"[{\\"type\\":\\"polygon\\",\\"id\\":null,\\"geometry\\":[[[-39.62516201699291,176.87657833099365],[-39.625128962160495,176.87673926353455],[-39.625106236954046,176.8767285346985],[-39.62503599535966,176.8770745396614],[-39.62505975355398,176.87708526849747],[-39.62512483030533,176.87677010893822],[-39.62514652254219,176.87677815556526],[-39.62518474218104,176.8765863776207]]]}]"', '0.01', 6, NULL);

-- --------------------------------------------------------

--
-- Table structure for table `sample`
--

CREATE TABLE IF NOT EXISTS `sample` (
  `sample_id` mediumint(9) NOT NULL,
  `zone_sample_plot_id` tinyint(3) unsigned DEFAULT NULL COMMENT 'zone plot id',
  `sample_date` date NOT NULL COMMENT 'date of sample collection',
  `sample_count` smallint(5) unsigned NOT NULL COMMENT 'total plant / bulb count',
  `sample_comment` varchar(1024) COLLATE utf8_unicode_ci DEFAULT NULL,
  `sample_ela_score` float(5,2) unsigned DEFAULT NULL,
  `sample_bulb_weight` float(5,3) unsigned DEFAULT NULL COMMENT 'total sample bulb weight in kilograms',
  `growth_stage_id` tinyint(3) unsigned DEFAULT NULL,
  `zone_id` mediumint(9) NOT NULL,
  `crop_id` mediumint(9) unsigned NOT NULL,
  `paddock_id` mediumint(9) NOT NULL,
  `farm_id` mediumint(8) unsigned NOT NULL
) ENGINE=InnoDB AUTO_INCREMENT=1313 DEFAULT CHARSET=utf8 COLLATE=utf8_unicode_ci ROW_FORMAT=COMPACT COMMENT='Sample lookup';

--
-- Dumping data for table `sample`
--

INSERT INTO `sample` (`sample_id`, `zone_sample_plot_id`, `sample_date`, `sample_count`, `sample_comment`, `sample_ela_score`, `sample_bulb_weight`, `growth_stage_id`, `zone_id`, `crop_id`, `paddock_id`, `farm_id`) VALUES
(1, 1, '2016-09-27', 86, '', 0.00, 0.000, 1, 12, 1, 5, 6),
(2, 2, '2016-09-27', 88, '', 0.00, 0.000, 1, 12, 1, 5, 6),
(3, 3, '2016-09-27', 88, '', 0.00, 0.000, 1, 12, 1, 5, 6),
(4, 4, '2016-09-27', 63, '', 0.00, 0.000, 1, 12, 1, 5, 6),
(5, 5, '2016-09-27', 93, '', 0.00, 0.000, 1, 12, 1, 5, 6),
(6, 6, '2016-09-27', 99, '', 0.00, 0.000, 1, 12, 1, 5, 6),
(7, 7, '2016-09-27', 87, '', 0.00, 0.000, 1, 12, 1, 5, 6),
(8, 8, '2016-09-27', 83, '', 0.00, 0.000, 1, 12, 1, 5, 6),
(9, 9, '2016-09-27', 92, '', 0.00, 0.000, 1, 12, 1, 5, 6),
(10, 10, '2016-09-27', 82, '', 0.00, 0.000, 1, 12, 1, 5, 6),
(11, 11, '2016-09-27', 89, '', 0.00, 0.000, 1, 12, 1, 5, 6),
(12, 12, '2016-09-27', 82, '', 0.00, 0.000, 1, 12, 1, 5, 6),
(13, 13, '2016-09-27', 96, '', 0.00, 0.000, 1, 12, 1, 5, 6),
(14, 14, '2016-09-27', 80, '', 0.00, 0.000, 1, 12, 1, 5, 6),
(15, 15, '2016-09-27', 96, '', 0.00, 0.000, 1, 12, 1, 5, 6),
(16, 1, '2016-09-27', 79, '', 0.00, 0.000, 1, 13, 1, 5, 6),
(17, 2, '2016-09-27', 89, '', 0.00, 0.000, 1, 13, 1, 5, 6),
(18, 3, '2016-09-27', 84, '', 0.00, 0.000, 1, 13, 1, 5, 6),
(19, 4, '2016-09-27', 72, '', 0.00, 0.000, 1, 13, 1, 5, 6),
(20, 5, '2016-09-27', 94, '', 0.00, 0.000, 1, 13, 1, 5, 6),
(21, 6, '2016-09-27', 86, '', 0.00, 0.000, 1, 13, 1, 5, 6),
(22, 7, '2016-09-27', 81, '', 0.00, 0.000, 1, 13, 1, 5, 6),
(23, 8, '2016-09-27', 92, '', 0.00, 0.000, 1, 13, 1, 5, 6),
(24, 9, '2016-09-27', 93, 'A random comment to show the output', 0.00, 0.000, 1, 13, 1, 5, 6),
(25, 10, '2016-09-27', 94, '', 0.00, 0.000, 1, 13, 1, 5, 6),
(26, 11, '2016-09-27', 86, '', 0.00, 0.000, 1, 13, 1, 5, 6),
(27, 12, '2016-09-27', 70, '', 0.00, 0.000, 1, 13, 1, 5, 6),
(28, 13, '2016-09-27', 71, '', 0.00, 0.000, 1, 13, 1, 5, 6),
(29, 14, '2016-09-27', 85, '', 0.00, 0.000, 1, 13, 1, 5, 6),
(30, 15, '2016-09-27', 93, '', 0.00, 0.000, 1, 13, 1, 5, 6),
(31, 1, '2016-09-27', 85, '', 0.00, 0.000, 1, 14, 1, 5, 6),
(32, 2, '2016-09-27', 93, '', 0.00, 0.000, 1, 14, 1, 5, 6),
(33, 3, '2016-09-27', 78, '', 0.00, 0.000, 1, 14, 1, 5, 6),
(34, 4, '2016-09-27', 86, '', 0.00, 0.000, 1, 14, 1, 5, 6),
(35, 5, '2016-09-27', 88, '', 0.00, 0.000, 1, 14, 1, 5, 6),
(36, 6, '2016-09-27', 89, '', 0.00, 0.000, 1, 14, 1, 5, 6),
(37, 7, '2016-09-27', 94, '', 0.00, 0.000, 1, 14, 1, 5, 6),
(38, 8, '2016-09-27', 94, '', 0.00, 0.000, 1, 14, 1, 5, 6),
(39, 9, '2016-09-27', 99, '', 0.00, 0.000, 1, 14, 1, 5, 6),
(40, 10, '2016-09-27', 95, '', 0.00, 0.000, 1, 14, 1, 5, 6),
(41, 11, '2016-09-27', 76, '', 0.00, 0.000, 1, 14, 1, 5, 6),
(42, 12, '2016-09-27', 91, '', 0.00, 0.000, 1, 14, 1, 5, 6),
(43, 13, '2016-09-27', 82, '', 0.00, 0.000, 1, 14, 1, 5, 6),
(44, 14, '2016-09-27', 91, '', 0.00, 0.000, 1, 14, 1, 5, 6),
(45, 15, '2016-09-27', 90, '', 0.00, 0.000, 1, 14, 1, 5, 6),
(46, 1, '2016-09-27', 91, '', 0.00, 0.000, 1, 15, 1, 5, 6),
(47, 2, '2016-09-27', 94, '', 0.00, 0.000, 1, 15, 1, 5, 6),
(48, 3, '2016-09-27', 92, '', 0.00, 0.000, 1, 15, 1, 5, 6),
(49, 4, '2016-09-27', 99, '', 0.00, 0.000, 1, 15, 1, 5, 6),
(50, 5, '2016-09-27', 85, '', 0.00, 0.000, 1, 15, 1, 5, 6),
(51, 6, '2016-09-27', 84, '', 0.00, 0.000, 1, 15, 1, 5, 6),
(52, 7, '2016-09-27', 90, '', 0.00, 0.000, 1, 15, 1, 5, 6),
(53, 8, '2016-09-27', 92, '', 0.00, 0.000, 1, 15, 1, 5, 6),
(54, 9, '2016-09-27', 89, '', 0.00, 0.000, 1, 15, 1, 5, 6),
(55, 10, '2016-09-27', 82, '', 0.00, 0.000, 1, 15, 1, 5, 6),
(56, 11, '2016-09-27', 89, '', 0.00, 0.000, 1, 15, 1, 5, 6),
(57, 12, '2016-09-27', 86, '', 0.00, 0.000, 1, 15, 1, 5, 6),
(58, 13, '2016-09-27', 88, '', 0.00, 0.000, 1, 15, 1, 5, 6),
(59, 14, '2016-09-27', 95, '', 0.00, 0.000, 1, 15, 1, 5, 6),
(60, 15, '2016-09-27', 82, '', 0.00, 0.000, 1, 15, 1, 5, 6),
(61, 1, '2016-09-27', 73, '', 0.00, 0.000, 1, 16, 1, 5, 6),
(62, 2, '2016-09-27', 94, '', 0.00, 0.000, 1, 16, 1, 5, 6),
(63, 3, '2016-09-27', 63, '', 0.00, 0.000, 1, 16, 1, 5, 6),
(64, 4, '2016-09-27', 83, '', 0.00, 0.000, 1, 16, 1, 5, 6),
(65, 5, '2016-09-27', 83, '', 0.00, 0.000, 1, 16, 1, 5, 6),
(66, 6, '2016-09-27', 94, '', 0.00, 0.000, 1, 16, 1, 5, 6),
(67, 7, '2016-09-27', 88, '', 0.00, 0.000, 1, 16, 1, 5, 6),
(68, 8, '2016-09-27', 82, '', 0.00, 0.000, 1, 16, 1, 5, 6),
(69, 9, '2016-09-27', 79, '', 0.00, 0.000, 1, 16, 1, 5, 6),
(70, 10, '2016-09-27', 88, '', 0.00, 0.000, 1, 16, 1, 5, 6),
(71, 11, '2016-09-27', 93, '', 0.00, 0.000, 1, 16, 1, 5, 6),
(72, 12, '2016-09-27', 90, '', 0.00, 0.000, 1, 16, 1, 5, 6),
(73, 13, '2016-09-27', 89, '', 0.00, 0.000, 1, 16, 1, 5, 6),
(74, 14, '2016-09-27', 102, '', 0.00, 0.000, 1, 16, 1, 5, 6),
(75, 15, '2016-09-27', 99, '', 0.00, 0.000, 1, 16, 1, 5, 6),
(76, 1, '2016-09-27', 66, '', 0.00, 0.000, 1, 17, 1, 5, 6),
(77, 2, '2016-09-27', 80, '', 0.00, 0.000, 1, 17, 1, 5, 6),
(78, 3, '2016-09-27', 46, '', 0.00, 0.000, 1, 17, 1, 5, 6),
(79, 4, '2016-09-27', 68, '', 0.00, 0.000, 1, 17, 1, 5, 6),
(80, 5, '2016-09-27', 73, '', 0.00, 0.000, 1, 17, 1, 5, 6),
(81, 6, '2016-09-27', 84, '', 0.00, 0.000, 1, 17, 1, 5, 6),
(82, 7, '2016-09-27', 84, '', 0.00, 0.000, 1, 17, 1, 5, 6),
(83, 8, '2016-09-27', 88, '', 0.00, 0.000, 1, 17, 1, 5, 6),
(84, 9, '2016-09-27', 85, '', 0.00, 0.000, 1, 17, 1, 5, 6),
(85, 10, '2016-09-27', 64, '', 0.00, 0.000, 1, 17, 1, 5, 6),
(86, 11, '2016-09-27', 42, '', 0.00, 0.000, 1, 17, 1, 5, 6),
(87, 12, '2016-09-27', 91, '', 0.00, 0.000, 1, 17, 1, 5, 6),
(88, 13, '2016-09-27', 58, '', 0.00, 0.000, 1, 17, 1, 5, 6),
(89, 14, '2016-09-27', 50, '', 0.00, 0.000, 1, 17, 1, 5, 6),
(90, 15, '2016-09-27', 44, '', 0.00, 0.000, 1, 17, 1, 5, 6),
(91, 1, '2016-11-04', 86, '', 2.90, 0.000, 2, 12, 1, 5, 6),
(92, 2, '2016-11-04', 88, '', 1.60, 0.000, 2, 12, 1, 5, 6),
(93, 3, '2016-11-04', 88, '', 1.00, 0.000, 2, 12, 1, 5, 6),
(94, 4, '2016-11-04', 63, '', 1.10, 0.000, 2, 12, 1, 5, 6),
(95, 5, '2016-11-04', 93, '', 1.50, 0.000, 2, 12, 1, 5, 6),
(96, 6, '2016-11-04', 99, '', 1.30, 0.000, 2, 12, 1, 5, 6),
(97, 7, '2016-11-04', 87, '', 1.40, 0.000, 2, 12, 1, 5, 6),
(98, 8, '2016-11-04', 83, '', 1.20, 0.000, 2, 12, 1, 5, 6),
(99, 9, '2016-11-04', 92, '', 2.20, 0.000, 2, 12, 1, 5, 6),
(100, 10, '2016-11-04', 82, '', 2.30, 0.000, 2, 12, 1, 5, 6),
(101, 11, '2016-11-04', 89, '', 2.40, 0.000, 2, 12, 1, 5, 6),
(102, 12, '2016-11-04', 82, '', 1.60, 0.000, 2, 12, 1, 5, 6),
(103, 13, '2016-11-04', 96, '', 1.60, 0.000, 2, 12, 1, 5, 6),
(104, 14, '2016-11-04', 80, '', 1.20, 0.000, 2, 12, 1, 5, 6),
(105, 15, '2016-11-04', 96, '', 1.80, 0.000, 2, 12, 1, 5, 6),
(106, 1, '2016-11-04', 79, '', 2.00, 0.000, 2, 13, 1, 5, 6),
(107, 2, '2016-11-04', 89, '', 2.10, 0.000, 2, 13, 1, 5, 6),
(108, 3, '2016-11-04', 84, '', 1.20, 0.000, 2, 13, 1, 5, 6),
(109, 4, '2016-11-04', 72, '', 0.80, 0.000, 2, 13, 1, 5, 6),
(110, 5, '2016-11-04', 94, '', 1.20, 0.000, 2, 13, 1, 5, 6),
(111, 6, '2016-11-04', 86, '', 1.90, 0.000, 2, 13, 1, 5, 6),
(112, 7, '2016-11-04', 81, '', 1.20, 0.000, 2, 13, 1, 5, 6),
(113, 8, '2016-11-04', 92, '', 0.90, 0.000, 2, 13, 1, 5, 6),
(114, 9, '2016-11-04', 93, '', 1.90, 0.000, 2, 13, 1, 5, 6),
(115, 10, '2016-11-04', 94, '', 1.60, 0.000, 2, 13, 1, 5, 6),
(116, 11, '2016-11-04', 86, '', 1.30, 0.000, 2, 13, 1, 5, 6),
(117, 12, '2016-11-04', 70, '', 1.20, 0.000, 2, 13, 1, 5, 6),
(118, 13, '2016-11-04', 71, '', 1.00, 0.000, 2, 13, 1, 5, 6),
(119, 14, '2016-11-04', 85, '', 1.40, 0.000, 2, 13, 1, 5, 6),
(120, 15, '2016-11-04', 93, '', 2.00, 0.000, 2, 13, 1, 5, 6),
(121, 1, '2016-11-04', 85, '', 1.30, 0.000, 2, 14, 1, 5, 6),
(122, 2, '2016-11-04', 93, '', 2.10, 0.000, 2, 14, 1, 5, 6),
(123, 3, '2016-11-04', 78, '', 1.40, 0.000, 2, 14, 1, 5, 6),
(124, 4, '2016-11-04', 86, '', 0.90, 0.000, 2, 14, 1, 5, 6),
(125, 5, '2016-11-04', 88, '', 1.00, 0.000, 2, 14, 1, 5, 6),
(126, 6, '2016-11-04', 89, '', 1.00, 0.000, 2, 14, 1, 5, 6),
(127, 7, '2016-11-04', 94, '', 0.90, 0.000, 2, 14, 1, 5, 6),
(128, 8, '2016-11-04', 94, '', 1.60, 0.000, 2, 14, 1, 5, 6),
(129, 9, '2016-11-04', 99, '', 1.70, 0.000, 2, 14, 1, 5, 6),
(130, 10, '2016-11-04', 95, '', 1.50, 0.000, 2, 14, 1, 5, 6),
(131, 11, '2016-11-04', 76, '', 0.70, 0.000, 2, 14, 1, 5, 6),
(132, 12, '2016-11-04', 91, '', 1.60, 0.000, 2, 14, 1, 5, 6),
(133, 13, '2016-11-04', 82, '', 1.30, 0.000, 2, 14, 1, 5, 6),
(134, 14, '2016-11-04', 91, '', 1.10, 0.000, 2, 14, 1, 5, 6),
(135, 15, '2016-11-04', 90, '', 0.90, 0.000, 2, 14, 1, 5, 6),
(136, 1, '2016-11-04', 91, '', 1.30, 0.000, 2, 15, 1, 5, 6),
(137, 2, '2016-11-04', 94, '', 1.40, 0.000, 2, 15, 1, 5, 6),
(138, 3, '2016-11-04', 92, '', 1.60, 0.000, 2, 15, 1, 5, 6),
(139, 4, '2016-11-04', 99, '', 1.00, 0.000, 2, 15, 1, 5, 6),
(140, 5, '2016-11-04', 85, '', 1.10, 0.000, 2, 15, 1, 5, 6),
(141, 6, '2016-11-04', 84, '', 1.10, 0.000, 2, 15, 1, 5, 6),
(142, 7, '2016-11-04', 90, '', 1.50, 0.000, 2, 15, 1, 5, 6),
(143, 8, '2016-11-04', 92, '', 2.30, 0.000, 2, 15, 1, 5, 6),
(144, 9, '2016-11-04', 89, '', 1.70, 0.000, 2, 15, 1, 5, 6),
(145, 10, '2016-11-04', 82, '', 1.20, 0.000, 2, 15, 1, 5, 6),
(146, 11, '2016-11-04', 89, '', 1.40, 0.000, 2, 15, 1, 5, 6),
(147, 12, '2016-11-04', 86, '', 1.70, 0.000, 2, 15, 1, 5, 6),
(148, 13, '2016-11-04', 88, '', 1.80, 0.000, 2, 15, 1, 5, 6),
(149, 14, '2016-11-04', 95, '', 1.00, 0.000, 2, 15, 1, 5, 6),
(150, 15, '2016-11-04', 82, '', 1.00, 0.000, 2, 15, 1, 5, 6),
(151, 1, '2016-11-04', 73, '', 1.10, 0.000, 2, 16, 1, 5, 6),
(152, 2, '2016-11-04', 94, '', 1.40, 0.000, 2, 16, 1, 5, 6),
(153, 3, '2016-11-04', 63, '', 0.70, 0.000, 2, 16, 1, 5, 6),
(154, 4, '2016-11-04', 83, '', 1.80, 0.000, 2, 16, 1, 5, 6),
(155, 5, '2016-11-04', 83, '', 1.30, 0.000, 2, 16, 1, 5, 6),
(156, 6, '2016-11-04', 94, '', 1.30, 0.000, 2, 16, 1, 5, 6),
(157, 7, '2016-11-04', 88, '', 1.60, 0.000, 2, 16, 1, 5, 6),
(158, 8, '2016-11-04', 82, '', 1.20, 0.000, 2, 16, 1, 5, 6),
(159, 9, '2016-11-04', 79, '', 2.00, 0.000, 2, 16, 1, 5, 6),
(160, 10, '2016-11-04', 88, '', 2.00, 0.000, 2, 16, 1, 5, 6),
(161, 11, '2016-11-04', 93, '', 2.20, 0.000, 2, 16, 1, 5, 6),
(162, 12, '2016-11-04', 90, '', 2.10, 0.000, 2, 16, 1, 5, 6),
(163, 13, '2016-11-04', 89, '', 1.90, 0.000, 2, 16, 1, 5, 6),
(164, 14, '2016-11-04', 102, 'Quite a high population found here', 1.70, 0.000, 2, 16, 1, 5, 6),
(165, 15, '2016-11-04', 99, '', 2.40, 0.000, 2, 16, 1, 5, 6),
(166, 1, '2016-11-04', 66, '', 1.20, 0.000, 2, 17, 1, 5, 6),
(167, 2, '2016-11-04', 80, '', 1.60, 0.000, 2, 17, 1, 5, 6),
(168, 3, '2016-11-04', 46, '', 0.30, 0.000, 2, 17, 1, 5, 6),
(169, 4, '2016-11-04', 68, '', 0.70, 0.000, 2, 17, 1, 5, 6),
(170, 5, '2016-11-04', 73, '', 1.30, 0.000, 2, 17, 1, 5, 6),
(171, 6, '2016-11-04', 84, '', 1.20, 0.000, 2, 17, 1, 5, 6),
(172, 7, '2016-11-04', 84, '', 1.80, 0.000, 2, 17, 1, 5, 6),
(173, 8, '2016-11-04', 88, '', 1.60, 0.000, 2, 17, 1, 5, 6),
(174, 9, '2016-11-04', 85, '', 1.70, 0.000, 2, 17, 1, 5, 6),
(175, 10, '2016-11-04', 64, '', 0.80, 0.000, 2, 17, 1, 5, 6),
(176, 11, '2016-11-04', 42, '', 0.50, 0.000, 2, 17, 1, 5, 6),
(177, 12, '2016-11-04', 91, '', 1.80, 0.000, 2, 17, 1, 5, 6),
(178, 13, '2016-11-04', 58, '', 0.30, 0.000, 2, 17, 1, 5, 6),
(179, 14, '2016-11-04', 50, '', 0.30, 0.000, 2, 17, 1, 5, 6),
(180, 15, '2016-11-04', 44, 'Looks to be population limited?', 0.40, 0.000, 2, 17, 1, 5, 6),
(181, 1, '2016-11-18', 86, '', 8.02, 0.000, 3, 12, 1, 5, 6),
(182, 2, '2016-11-18', 88, '', 5.81, 0.000, 3, 12, 1, 5, 6),
(183, 3, '2016-11-18', 88, '', 4.22, 0.000, 3, 12, 1, 5, 6),
(184, 4, '2016-11-18', 63, '', 4.48, 0.000, 3, 12, 1, 5, 6),
(185, 5, '2016-11-18', 93, '', 4.97, 0.000, 3, 12, 1, 5, 6),
(186, 6, '2016-11-18', 99, '', 4.58, 0.000, 3, 12, 1, 5, 6),
(187, 7, '2016-11-18', 87, '', 5.80, 0.000, 3, 12, 1, 5, 6),
(188, 8, '2016-11-18', 83, '', 4.42, 0.000, 3, 12, 1, 5, 6),
(189, 9, '2016-11-18', 92, '', 8.23, 0.000, 3, 12, 1, 5, 6),
(190, 10, '2016-11-18', 82, '', 9.17, 0.000, 3, 12, 1, 5, 6),
(191, 11, '2016-11-18', 89, '', 8.44, 0.000, 3, 12, 1, 5, 6),
(192, 12, '2016-11-18', 82, '', 5.44, 0.000, 3, 12, 1, 5, 6),
(193, 13, '2016-11-18', 96, '', 6.88, 0.000, 3, 12, 1, 5, 6),
(194, 14, '2016-11-18', 80, '', 5.32, 0.000, 3, 12, 1, 5, 6),
(195, 15, '2016-11-18', 96, '', 6.87, 0.000, 3, 12, 1, 5, 6),
(196, 1, '2016-11-18', 79, '', 6.98, 0.000, 3, 13, 1, 5, 6),
(197, 2, '2016-11-18', 89, '', 6.29, 0.000, 3, 13, 1, 5, 6),
(198, 3, '2016-11-18', 84, '', 3.92, 0.000, 3, 13, 1, 5, 6),
(199, 4, '2016-11-18', 72, '', 3.28, 0.000, 3, 13, 1, 5, 6),
(200, 5, '2016-11-18', 94, '', 4.21, 0.000, 3, 13, 1, 5, 6),
(201, 6, '2016-11-18', 86, '', 5.37, 0.000, 3, 13, 1, 5, 6),
(202, 7, '2016-11-18', 81, '', 4.04, 0.000, 3, 13, 1, 5, 6),
(203, 8, '2016-11-18', 92, '', 3.97, 0.000, 3, 13, 1, 5, 6),
(204, 9, '2016-11-18', 93, '', 6.98, 0.000, 3, 13, 1, 5, 6),
(205, 10, '2016-11-18', 94, '', 6.13, 0.000, 3, 13, 1, 5, 6),
(206, 11, '2016-11-18', 86, '', 4.92, 0.000, 3, 13, 1, 5, 6),
(207, 12, '2016-11-18', 70, '', 4.03, 0.000, 3, 13, 1, 5, 6),
(208, 13, '2016-11-18', 71, '', 4.01, 0.000, 3, 13, 1, 5, 6),
(209, 14, '2016-11-18', 85, '', 5.98, 0.000, 3, 13, 1, 5, 6),
(210, 15, '2016-11-18', 93, '', 8.13, 0.000, 3, 13, 1, 5, 6),
(211, 1, '2016-11-28', 85, '', 9.10, 0.000, 3, 14, 1, 5, 6),
(212, 2, '2016-11-28', 93, '', 15.16, 0.000, 3, 14, 1, 5, 6),
(213, 3, '2016-11-28', 78, '', 11.27, 0.000, 3, 14, 1, 5, 6),
(214, 4, '2016-11-28', 86, '', 8.47, 0.000, 3, 14, 1, 5, 6),
(215, 5, '2016-11-28', 88, '', 8.08, 0.000, 3, 14, 1, 5, 6),
(216, 6, '2016-11-28', 89, '', 7.55, 0.000, 3, 14, 1, 5, 6),
(217, 7, '2016-11-28', 94, '', 7.78, 0.000, 3, 14, 1, 5, 6),
(218, 8, '2016-11-28', 94, '', 12.70, 0.000, 3, 14, 1, 5, 6),
(219, 9, '2016-11-28', 99, '', 11.76, 0.000, 3, 14, 1, 5, 6),
(220, 10, '2016-11-28', 95, '', 11.55, 0.000, 3, 14, 1, 5, 6),
(221, 11, '2016-11-28', 76, '', 6.23, 0.000, 3, 14, 1, 5, 6),
(222, 12, '2016-11-28', 91, '', 15.32, 0.000, 3, 14, 1, 5, 6),
(223, 13, '2016-11-28', 82, '', 12.18, 0.000, 3, 14, 1, 5, 6),
(224, 14, '2016-11-28', 91, '', 7.36, 0.000, 3, 14, 1, 5, 6),
(225, 15, '2016-11-28', 90, '', 7.00, 0.000, 3, 14, 1, 5, 6),
(226, 1, '2016-11-28', 91, '', 7.45, 0.000, 3, 15, 1, 5, 6),
(227, 2, '2016-11-28', 94, '', 12.49, 0.000, 3, 15, 1, 5, 6),
(228, 3, '2016-11-28', 92, '', 10.91, 0.000, 3, 15, 1, 5, 6),
(229, 4, '2016-11-28', 99, '', 9.61, 0.000, 3, 15, 1, 5, 6),
(230, 5, '2016-11-28', 85, '', 6.83, 0.000, 3, 15, 1, 5, 6),
(231, 6, '2016-11-28', 84, '', 7.30, 0.000, 3, 15, 1, 5, 6),
(232, 7, '2016-11-28', 90, '', 10.25, 0.000, 3, 15, 1, 5, 6),
(233, 8, '2016-11-28', 92, '', 13.03, 0.000, 3, 15, 1, 5, 6),
(234, 9, '2016-11-28', 89, '', 13.18, 0.000, 3, 15, 1, 5, 6),
(235, 10, '2016-11-28', 82, '', 10.18, 0.000, 3, 15, 1, 5, 6),
(236, 11, '2016-11-28', 89, '', 11.42, 0.000, 3, 15, 1, 5, 6),
(237, 12, '2016-11-28', 86, '', 13.54, 0.000, 3, 15, 1, 5, 6),
(238, 13, '2016-11-28', 88, '', 12.67, 0.000, 3, 15, 1, 5, 6),
(239, 14, '2016-11-28', 95, '', 7.67, 0.000, 3, 15, 1, 5, 6),
(240, 15, '2016-11-28', 82, '', 8.58, 0.000, 3, 15, 1, 5, 6),
(241, 1, '2016-11-23', 73, '', 4.98, 0.000, 3, 16, 1, 5, 6),
(242, 2, '2016-11-23', 94, '', 6.29, 0.000, 3, 16, 1, 5, 6),
(243, 3, '2016-11-23', 63, '', 4.66, 0.000, 3, 16, 1, 5, 6),
(244, 4, '2016-11-23', 83, '', 11.57, 0.000, 3, 16, 1, 5, 6),
(245, 5, '2016-11-23', 83, '', 6.44, 0.000, 3, 16, 1, 5, 6),
(246, 6, '2016-11-23', 94, '', 9.61, 0.000, 3, 16, 1, 5, 6),
(247, 7, '2016-11-23', 88, '', 11.48, 0.000, 3, 16, 1, 5, 6),
(248, 8, '2016-11-23', 82, '', 5.62, 0.000, 3, 16, 1, 5, 6),
(249, 9, '2016-11-23', 79, '', 11.87, 0.000, 3, 16, 1, 5, 6),
(250, 10, '2016-11-23', 88, '', 10.74, 0.000, 3, 16, 1, 5, 6),
(251, 11, '2016-11-23', 93, '', 12.78, 0.000, 3, 16, 1, 5, 6),
(252, 12, '2016-11-23', 90, '', 12.85, 0.000, 3, 16, 1, 5, 6),
(253, 13, '2016-11-23', 89, '', 13.89, 0.000, 3, 16, 1, 5, 6),
(254, 14, '2016-11-23', 102, '', 17.16, 0.000, 3, 16, 1, 5, 6),
(255, 15, '2016-11-23', 99, '', 18.39, 0.000, 3, 16, 1, 5, 6),
(256, 1, '2016-11-23', 66, '', 6.93, 0.000, 3, 17, 1, 5, 6),
(257, 2, '2016-11-23', 80, '', 9.60, 0.000, 3, 17, 1, 5, 6),
(258, 3, '2016-11-23', 46, '', 1.53, 0.000, 3, 17, 1, 5, 6),
(259, 4, '2016-11-23', 68, '', 3.64, 0.000, 3, 17, 1, 5, 6),
(260, 5, '2016-11-23', 73, '', 6.66, 0.000, 3, 17, 1, 5, 6),
(261, 6, '2016-11-23', 84, '', 5.42, 0.000, 3, 17, 1, 5, 6),
(262, 7, '2016-11-23', 84, '', 8.88, 0.000, 3, 17, 1, 5, 6),
(263, 8, '2016-11-23', 88, '', 9.43, 0.000, 3, 17, 1, 5, 6),
(264, 9, '2016-11-23', 85, '', 8.82, 0.000, 3, 17, 1, 5, 6),
(265, 10, '2016-11-23', 64, '', 3.83, 0.000, 3, 17, 1, 5, 6),
(266, 11, '2016-11-23', 42, '', 1.78, 0.000, 3, 17, 1, 5, 6),
(267, 12, '2016-11-23', 91, '', 8.37, 0.000, 3, 17, 1, 5, 6),
(268, 13, '2016-11-23', 58, '', 1.10, 0.000, 3, 17, 1, 5, 6),
(269, 14, '2016-11-23', 50, '', 1.18, 0.000, 3, 17, 1, 5, 6),
(270, 15, '2016-11-23', 44, '', 0.90, 0.000, 3, 17, 1, 5, 6),
(271, 1, '2016-12-19', 86, '', 39.61, 0.000, 4, 12, 1, 5, 6),
(272, 2, '2016-12-19', 88, '', 38.43, 0.000, 4, 12, 1, 5, 6),
(273, 3, '2016-12-19', 88, '', 32.28, 0.000, 4, 12, 1, 5, 6),
(274, 4, '2016-12-19', 63, '', 34.87, 0.000, 4, 12, 1, 5, 6),
(275, 5, '2016-12-19', 93, '', 34.54, 0.000, 4, 12, 1, 5, 6),
(276, 6, '2016-12-19', 99, '', 32.71, 0.000, 4, 12, 1, 5, 6),
(277, 7, '2016-12-19', 87, '', 37.47, 0.000, 4, 12, 1, 5, 6),
(278, 8, '2016-12-19', 83, '', 34.86, 0.000, 4, 12, 1, 5, 6),
(279, 9, '2016-12-19', 92, '', 37.99, 0.000, 4, 12, 1, 5, 6),
(280, 10, '2016-12-19', 82, '', 39.81, 0.000, 4, 12, 1, 5, 6),
(281, 11, '2016-12-19', 89, '', 37.30, 0.000, 4, 12, 1, 5, 6),
(282, 12, '2016-12-19', 82, '', 33.56, 0.000, 4, 12, 1, 5, 6),
(283, 13, '2016-12-19', 96, '', 35.07, 0.000, 4, 12, 1, 5, 6),
(284, 14, '2016-12-19', 80, '', 34.95, 0.000, 4, 12, 1, 5, 6),
(285, 15, '2016-12-19', 96, '', 37.20, 0.000, 4, 12, 1, 5, 6),
(286, 1, '2016-12-19', 79, '', 33.78, 0.000, 4, 13, 1, 5, 6),
(287, 2, '2016-12-19', 89, '', 30.97, 0.000, 4, 13, 1, 5, 6),
(288, 3, '2016-12-19', 84, '', 26.32, 0.000, 4, 13, 1, 5, 6),
(289, 4, '2016-12-19', 72, '', 25.33, 0.000, 4, 13, 1, 5, 6),
(290, 5, '2016-12-19', 94, '', 31.96, 0.000, 4, 13, 1, 5, 6),
(291, 6, '2016-12-19', 86, '', 28.93, 0.000, 4, 13, 1, 5, 6),
(292, 7, '2016-12-19', 81, '', 26.84, 0.000, 4, 13, 1, 5, 6),
(293, 8, '2016-12-19', 92, '', 26.85, 0.000, 4, 13, 1, 5, 6),
(294, 9, '2016-12-19', 93, '', 35.27, 0.000, 4, 13, 1, 5, 6),
(295, 10, '2016-12-19', 94, '', 32.48, 0.000, 4, 13, 1, 5, 6),
(296, 11, '2016-12-19', 86, '', 28.70, 0.000, 4, 13, 1, 5, 6),
(297, 12, '2016-12-19', 70, '', 25.21, 0.000, 4, 13, 1, 5, 6),
(298, 13, '2016-12-19', 71, '', 23.10, 0.000, 4, 13, 1, 5, 6),
(299, 14, '2016-12-19', 85, '', 30.38, 0.000, 4, 13, 1, 5, 6),
(300, 15, '2016-12-19', 93, '', 31.89, 0.000, 4, 13, 1, 5, 6),
(301, 1, '2016-12-22', 85, '', 35.12, 0.000, 4, 14, 1, 5, 6),
(302, 2, '2016-12-22', 93, '', 41.91, 0.000, 4, 14, 1, 5, 6),
(303, 3, '2016-12-22', 78, '', 30.01, 0.000, 4, 14, 1, 5, 6),
(304, 4, '2016-12-22', 86, '', 20.72, 0.000, 4, 14, 1, 5, 6),
(305, 5, '2016-12-22', 88, '', 20.65, 0.000, 4, 14, 1, 5, 6),
(306, 6, '2016-12-22', 89, '', 20.61, 0.000, 4, 14, 1, 5, 6),
(307, 7, '2016-12-22', 94, '', 19.95, 0.000, 4, 14, 1, 5, 6),
(308, 8, '2016-12-22', 94, '', 33.68, 0.000, 4, 14, 1, 5, 6),
(309, 9, '2016-12-22', 99, '', 40.33, 0.000, 4, 14, 1, 5, 6),
(310, 10, '2016-12-22', 95, '', 39.89, 0.000, 4, 14, 1, 5, 6),
(311, 11, '2016-12-22', 76, '', 25.49, 0.000, 4, 14, 1, 5, 6),
(312, 12, '2016-12-22', 91, '', 42.88, 0.000, 4, 14, 1, 5, 6),
(313, 13, '2016-12-22', 82, '', 35.88, 0.000, 4, 14, 1, 5, 6),
(314, 14, '2016-12-22', 91, '', 22.00, 0.000, 4, 14, 1, 5, 6),
(315, 15, '2016-12-22', 90, '', 20.97, 0.000, 4, 14, 1, 5, 6),
(316, 1, '2016-12-22', 91, '', 23.06, 0.000, 4, 15, 1, 5, 6),
(317, 2, '2016-12-22', 94, '', 32.68, 0.000, 4, 15, 1, 5, 6),
(318, 3, '2016-12-22', 92, '', 27.78, 0.000, 4, 15, 1, 5, 6),
(319, 4, '2016-12-22', 99, '', 21.75, 0.000, 4, 15, 1, 5, 6),
(320, 5, '2016-12-22', 85, '', 19.29, 0.000, 4, 15, 1, 5, 6),
(321, 6, '2016-12-22', 84, '', 21.19, 0.000, 4, 15, 1, 5, 6),
(322, 7, '2016-12-22', 90, '', 22.68, 0.000, 4, 15, 1, 5, 6),
(323, 8, '2016-12-22', 92, '', 32.30, 0.000, 4, 15, 1, 5, 6),
(324, 9, '2016-12-22', 89, '', 35.13, 0.000, 4, 15, 1, 5, 6),
(325, 10, '2016-12-22', 82, '', 26.22, 0.000, 4, 15, 1, 5, 6),
(326, 11, '2016-12-22', 89, '', 29.13, 0.000, 4, 15, 1, 5, 6),
(327, 12, '2016-12-22', 86, '', 32.12, 0.000, 4, 15, 1, 5, 6),
(328, 13, '2016-12-22', 88, '', 31.99, 0.000, 4, 15, 1, 5, 6),
(329, 14, '2016-12-22', 95, '', 21.77, 0.000, 4, 15, 1, 5, 6),
(330, 15, '2016-12-22', 82, '', 21.16, 0.000, 4, 15, 1, 5, 6),
(331, 1, '2016-12-29', 73, '', 26.07, 0.000, 4, 16, 1, 5, 6),
(332, 2, '2016-12-29', 94, '', 25.11, 0.000, 4, 16, 1, 5, 6),
(333, 3, '2016-12-29', 63, '', 24.53, 0.000, 4, 16, 1, 5, 6),
(334, 4, '2016-12-29', 83, '', 50.91, 0.000, 4, 16, 1, 5, 6),
(335, 5, '2016-12-29', 83, '', 35.09, 0.000, 4, 16, 1, 5, 6),
(336, 6, '2016-12-29', 94, '', 53.09, 0.000, 4, 16, 1, 5, 6),
(337, 7, '2016-12-29', 88, '', 59.62, 0.000, 4, 16, 1, 5, 6),
(338, 8, '2016-12-29', 82, '', 28.60, 0.000, 4, 16, 1, 5, 6),
(339, 9, '2016-12-29', 79, '', 30.87, 0.000, 4, 16, 1, 5, 6),
(340, 10, '2016-12-29', 88, '', 28.75, 0.000, 4, 16, 1, 5, 6),
(341, 11, '2016-12-29', 93, '', 30.73, 0.000, 4, 16, 1, 5, 6),
(342, 12, '2016-12-29', 90, '', 42.71, 0.000, 4, 16, 1, 5, 6),
(343, 13, '2016-12-29', 89, '', 45.14, 0.000, 4, 16, 1, 5, 6),
(344, 14, '2016-12-29', 102, '', 53.48, 0.000, 4, 16, 1, 5, 6),
(345, 15, '2016-12-29', 99, '', 77.50, 0.000, 4, 16, 1, 5, 6),
(346, 1, '2016-12-29', 66, '', 28.11, 0.000, 4, 17, 1, 5, 6),
(347, 2, '2016-12-29', 80, '', 23.47, 0.000, 4, 17, 1, 5, 6),
(348, 3, '2016-12-29', 46, '', 14.38, 0.000, 4, 17, 1, 5, 6),
(349, 4, '2016-12-29', 68, '', 23.23, 0.000, 4, 17, 1, 5, 6),
(350, 5, '2016-12-29', 73, '', 26.49, 0.000, 4, 17, 1, 5, 6),
(351, 6, '2016-12-29', 84, '', 25.88, 0.000, 4, 17, 1, 5, 6),
(352, 7, '2016-12-29', 84, '', 27.80, 0.000, 4, 17, 1, 5, 6),
(353, 8, '2016-12-29', 88, '', 28.64, 0.000, 4, 17, 1, 5, 6),
(354, 9, '2016-12-29', 85, '', 24.22, 0.000, 4, 17, 1, 5, 6),
(355, 10, '2016-12-29', 64, '', 27.21, 0.000, 4, 17, 1, 5, 6),
(356, 11, '2016-12-29', 42, '', 10.55, 0.000, 4, 17, 1, 5, 6),
(357, 12, '2016-12-29', 91, '', 26.82, 0.000, 4, 17, 1, 5, 6),
(358, 13, '2016-12-29', 58, '', 11.15, 0.000, 4, 17, 1, 5, 6),
(359, 14, '2016-12-29', 50, '', 5.98, 0.000, 4, 17, 1, 5, 6),
(360, 15, '2016-12-29', 44, '', 3.17, 0.000, 4, 17, 1, 5, 6),
(361, 1, '2016-10-02', 144, '', 0.00, 0.000, 1, 18, 2, 6, 7),
(362, 2, '2016-10-02', 136, '', 0.00, 0.000, 1, 18, 2, 6, 7),
(363, 3, '2016-10-02', 145, '', 0.00, 0.000, 1, 18, 2, 6, 7),
(364, 4, '2016-10-02', 183, 'Planter issue? Double up''s', 0.00, 0.000, 1, 18, 2, 6, 7),
(365, 5, '2016-10-02', 137, '', 0.00, 0.000, 1, 18, 2, 6, 7),
(366, 6, '2016-10-02', 134, '', 0.00, 0.000, 1, 18, 2, 6, 7),
(367, 7, '2016-10-02', 147, '', 0.00, 0.000, 1, 18, 2, 6, 7),
(368, 8, '2016-10-02', 146, '', 0.00, 0.000, 1, 18, 2, 6, 7),
(369, 9, '2016-10-02', 141, '', 0.00, 0.000, 1, 18, 2, 6, 7),
(370, 10, '2016-10-02', 129, '', 0.00, 0.000, 1, 18, 2, 6, 7),
(371, 11, '2016-10-02', 139, '', 0.00, 0.000, 1, 18, 2, 6, 7),
(372, 12, '2016-10-02', 139, '', 0.00, 0.000, 1, 18, 2, 6, 7),
(373, 13, '2016-10-02', 125, '', 0.00, 0.000, 1, 18, 2, 6, 7),
(374, 14, '2016-10-02', 135, '', 0.00, 0.000, 1, 18, 2, 6, 7),
(375, 15, '2016-10-02', 133, '', 0.00, 0.000, 1, 18, 2, 6, 7),
(376, 1, '2016-10-02', 132, '', 0.00, 0.000, 1, 19, 2, 6, 7),
(377, 2, '2016-10-02', 123, 'Tractor driven over part of plot', 0.00, 0.000, 1, 19, 2, 6, 7),
(378, 3, '2016-10-02', 127, '', 0.00, 0.000, 1, 19, 2, 6, 7),
(379, 4, '2016-10-02', 121, '', 0.00, 0.000, 1, 19, 2, 6, 7),
(380, 5, '2016-10-02', 131, '', 0.00, 0.000, 1, 19, 2, 6, 7),
(381, 6, '2016-10-02', 112, '', 0.00, 0.000, 1, 19, 2, 6, 7),
(382, 7, '2016-10-02', 141, '', 0.00, 0.000, 1, 19, 2, 6, 7),
(383, 8, '2016-10-02', 122, '', 0.00, 0.000, 1, 19, 2, 6, 7),
(384, 9, '2016-10-02', 116, '', 0.00, 0.000, 1, 19, 2, 6, 7),
(385, 10, '2016-10-02', 121, '', 0.00, 0.000, 1, 19, 2, 6, 7),
(386, 11, '2016-10-02', 112, '', 0.00, 0.000, 1, 19, 2, 6, 7),
(387, 12, '2016-10-02', 135, '', 0.00, 0.000, 1, 19, 2, 6, 7),
(388, 13, '2016-10-02', 137, '', 0.00, 0.000, 1, 19, 2, 6, 7),
(389, 14, '2016-10-02', 111, '', 0.00, 0.000, 1, 19, 2, 6, 7),
(390, 15, '2016-10-02', 129, '', 0.00, 0.000, 1, 19, 2, 6, 7),
(391, 1, '2016-11-10', 144, '', 3.80, 0.000, 2, 18, 2, 6, 7),
(392, 2, '2016-11-10', 136, '', 4.20, 0.000, 2, 18, 2, 6, 7),
(393, 3, '2016-11-10', 145, '', 4.60, 0.000, 2, 18, 2, 6, 7),
(394, 4, '2016-11-10', 183, '', 4.50, 0.000, 2, 18, 2, 6, 7),
(395, 5, '2016-11-10', 137, '', 4.20, 0.000, 2, 18, 2, 6, 7),
(396, 6, '2016-11-10', 134, '', 2.90, 0.000, 2, 18, 2, 6, 7),
(397, 7, '2016-11-10', 147, '', 5.60, 0.000, 2, 18, 2, 6, 7),
(398, 8, '2016-11-10', 146, '', 5.60, 0.000, 2, 18, 2, 6, 7),
(399, 9, '2016-11-10', 141, '', 6.50, 0.000, 2, 18, 2, 6, 7),
(400, 10, '2016-11-10', 129, '', 4.00, 0.000, 2, 18, 2, 6, 7),
(401, 11, '2016-11-10', 139, '', 4.60, 0.000, 2, 18, 2, 6, 7),
(402, 12, '2016-11-10', 139, '', 4.70, 0.000, 2, 18, 2, 6, 7),
(403, 13, '2016-11-10', 125, '', 3.70, 0.000, 2, 18, 2, 6, 7),
(404, 14, '2016-11-10', 135, '', 3.50, 0.000, 2, 18, 2, 6, 7),
(405, 15, '2016-11-10', 133, '', 2.40, 0.000, 2, 18, 2, 6, 7),
(406, 1, '2016-11-10', 132, '', 3.10, 0.000, 2, 19, 2, 6, 7),
(407, 2, '2016-11-10', 123, '', 2.50, 0.000, 2, 19, 2, 6, 7),
(408, 3, '2016-11-10', 127, '', 3.70, 0.000, 2, 19, 2, 6, 7),
(409, 4, '2016-11-10', 121, '', 1.50, 0.000, 2, 19, 2, 6, 7),
(410, 5, '2016-11-10', 131, '', 1.60, 0.000, 2, 19, 2, 6, 7),
(411, 6, '2016-11-10', 112, '', 1.90, 0.000, 2, 19, 2, 6, 7),
(412, 7, '2016-11-10', 141, '', 2.00, 0.000, 2, 19, 2, 6, 7),
(413, 8, '2016-11-10', 122, '', 1.60, 0.000, 2, 19, 2, 6, 7),
(414, 9, '2016-11-10', 116, '', 1.40, 0.000, 2, 19, 2, 6, 7),
(415, 10, '2016-11-10', 121, '', 1.70, 0.000, 2, 19, 2, 6, 7),
(416, 11, '2016-11-10', 112, '', 1.00, 0.000, 2, 19, 2, 6, 7),
(417, 12, '2016-11-10', 135, '', 2.30, 0.000, 2, 19, 2, 6, 7),
(418, 13, '2016-11-10', 137, '', 1.50, 0.000, 2, 19, 2, 6, 7),
(419, 14, '2016-11-10', 111, '', 1.70, 0.000, 2, 19, 2, 6, 7),
(420, 15, '2016-11-10', 129, '', 0.80, 0.000, 2, 19, 2, 6, 7),
(421, 1, '2016-11-25', 144, '', 11.30, 0.000, 3, 18, 2, 6, 7),
(422, 2, '2016-11-25', 136, '', 15.40, 0.000, 3, 18, 2, 6, 7),
(423, 3, '2016-11-25', 145, '', 18.78, 0.000, 3, 18, 2, 6, 7),
(424, 4, '2016-11-25', 183, '', 19.41, 0.000, 3, 18, 2, 6, 7),
(425, 5, '2016-11-25', 137, '', 15.49, 0.000, 3, 18, 2, 6, 7),
(426, 6, '2016-11-25', 134, '', 12.27, 0.000, 3, 18, 2, 6, 7),
(427, 7, '2016-11-25', 147, '', 13.31, 0.000, 3, 18, 2, 6, 7),
(428, 8, '2016-11-25', 146, '', 20.62, 0.000, 3, 18, 2, 6, 7),
(429, 9, '2016-11-25', 141, '', 21.42, 0.000, 3, 18, 2, 6, 7),
(430, 10, '2016-11-25', 129, '', 19.29, 0.000, 3, 18, 2, 6, 7),
(431, 11, '2016-11-25', 139, '', 19.22, 0.000, 3, 18, 2, 6, 7),
(432, 12, '2016-11-25', 139, '', 17.31, 0.000, 3, 18, 2, 6, 7),
(433, 13, '2016-11-25', 125, '', 14.79, 0.000, 3, 18, 2, 6, 7),
(434, 14, '2016-11-25', 135, '', 15.67, 0.000, 3, 18, 2, 6, 7),
(435, 15, '2016-11-25', 133, '', 14.77, 0.000, 3, 18, 2, 6, 7),
(436, 1, '2016-11-25', 132, '', 12.10, 0.000, 3, 19, 2, 6, 7),
(437, 2, '2016-11-25', 123, '', 7.12, 0.000, 3, 19, 2, 6, 7),
(438, 3, '2016-11-25', 127, '', 15.62, 0.000, 3, 19, 2, 6, 7),
(439, 4, '2016-11-25', 121, '', 8.79, 0.000, 3, 19, 2, 6, 7),
(440, 5, '2016-11-25', 131, '', 10.91, 0.000, 3, 19, 2, 6, 7),
(441, 6, '2016-11-25', 112, '', 6.12, 0.000, 3, 19, 2, 6, 7),
(442, 7, '2016-11-25', 141, '', 10.82, 0.000, 3, 19, 2, 6, 7),
(443, 8, '2016-11-25', 122, '', 8.04, 0.000, 3, 19, 2, 6, 7),
(444, 9, '2016-11-25', 116, '', 7.76, 0.000, 3, 19, 2, 6, 7),
(445, 10, '2016-11-25', 121, '', 9.36, 0.000, 3, 19, 2, 6, 7),
(446, 11, '2016-11-25', 112, '', 4.66, 0.000, 3, 19, 2, 6, 7),
(447, 12, '2016-11-25', 135, '', 10.94, 0.000, 3, 19, 2, 6, 7),
(448, 13, '2016-11-25', 137, '', 14.15, 0.000, 3, 19, 2, 6, 7),
(449, 14, '2016-11-25', 111, '', 9.07, 0.000, 3, 19, 2, 6, 7),
(450, 15, '2016-11-25', 129, '', 8.09, 0.000, 3, 19, 2, 6, 7),
(451, 1, '2016-12-22', 144, '', 27.89, 0.000, 4, 18, 2, 6, 7),
(452, 2, '2016-12-22', 136, '', 37.48, 0.000, 4, 18, 2, 6, 7),
(453, 3, '2016-12-22', 145, '', 40.87, 0.000, 4, 18, 2, 6, 7),
(454, 4, '2016-12-22', 183, '', 37.82, 0.000, 4, 18, 2, 6, 7),
(455, 5, '2016-12-22', 137, '', 37.12, 0.000, 4, 18, 2, 6, 7),
(456, 6, '2016-12-22', 134, '', 29.86, 0.000, 4, 18, 2, 6, 7),
(457, 7, '2016-12-22', 147, '', 40.22, 0.000, 4, 18, 2, 6, 7),
(458, 8, '2016-12-22', 146, '', 53.22, 0.000, 4, 18, 2, 6, 7),
(459, 9, '2016-12-22', 141, '', 61.90, 0.000, 4, 18, 2, 6, 7),
(460, 10, '2016-12-22', 129, '', 47.69, 0.000, 4, 18, 2, 6, 7),
(461, 11, '2016-12-22', 139, '', 50.34, 0.000, 4, 18, 2, 6, 7),
(462, 12, '2016-12-22', 139, '', 40.00, 0.000, 4, 18, 2, 6, 7),
(463, 13, '2016-12-22', 125, '', 34.87, 0.000, 4, 18, 2, 6, 7),
(464, 14, '2016-12-22', 135, '', 40.28, 0.000, 4, 18, 2, 6, 7),
(465, 15, '2016-12-22', 133, '', 39.80, 0.000, 4, 18, 2, 6, 7),
(466, 1, '2016-12-22', 132, '', 34.32, 0.000, 4, 19, 2, 6, 7),
(467, 2, '2016-12-22', 123, '', 17.25, 0.000, 4, 19, 2, 6, 7),
(468, 3, '2016-12-22', 127, '', 37.19, 0.000, 4, 19, 2, 6, 7),
(469, 4, '2016-12-22', 121, '', 18.74, 0.000, 4, 19, 2, 6, 7),
(470, 5, '2016-12-22', 131, '', 25.21, 0.000, 4, 19, 2, 6, 7),
(471, 6, '2016-12-22', 112, '', 17.95, 0.000, 4, 19, 2, 6, 7),
(472, 7, '2016-12-22', 141, '', 23.61, 0.000, 4, 19, 2, 6, 7),
(473, 8, '2016-12-22', 122, '', 16.76, 0.000, 4, 19, 2, 6, 7),
(474, 9, '2016-12-22', 116, '', 16.36, 0.000, 4, 19, 2, 6, 7),
(475, 10, '2016-12-22', 121, '', 21.04, 0.000, 4, 19, 2, 6, 7),
(476, 11, '2016-12-22', 112, '', 9.74, 0.000, 4, 19, 2, 6, 7),
(477, 12, '2016-12-22', 135, '', 23.03, 0.000, 4, 19, 2, 6, 7),
(478, 13, '2016-12-22', 137, '', 30.96, 0.000, 4, 19, 2, 6, 7),
(479, 14, '2016-12-22', 111, '', 17.67, 0.000, 4, 19, 2, 6, 7),
(480, 15, '2016-12-22', 129, '', 19.23, 0.000, 4, 19, 2, 6, 7),
(481, 1, '2016-10-03', 77, '', 0.00, 0.000, 1, 20, 3, 7, 8),
(482, 2, '2016-10-03', 77, '', 0.00, 0.000, 1, 20, 3, 7, 8),
(483, 3, '2016-10-03', 73, '', 0.00, 0.000, 1, 20, 3, 7, 8),
(484, 4, '2016-10-03', 80, '', 0.00, 0.000, 1, 20, 3, 7, 8),
(485, 5, '2016-10-03', 81, '', 0.00, 0.000, 1, 20, 3, 7, 8),
(486, 6, '2016-10-03', 68, '', 0.00, 0.000, 1, 20, 3, 7, 8),
(487, 7, '2016-10-03', 77, '', 0.00, 0.000, 1, 20, 3, 7, 8),
(488, 8, '2016-10-03', 66, '', 0.00, 0.000, 1, 20, 3, 7, 8),
(489, 9, '2016-10-03', 84, '', 0.00, 0.000, 1, 20, 3, 7, 8),
(490, 10, '2016-10-03', 81, '', 0.00, 0.000, 1, 20, 3, 7, 8),
(491, 11, '2016-10-03', 80, '', 0.00, 0.000, 1, 20, 3, 7, 8),
(492, 12, '2016-10-03', 74, '', 0.00, 0.000, 1, 20, 3, 7, 8),
(493, 13, '2016-10-03', 71, '', 0.00, 0.000, 1, 20, 3, 7, 8),
(494, 14, '2016-10-03', 83, '', 0.00, 0.000, 1, 20, 3, 7, 8),
(495, 15, '2016-10-03', 71, '', 0.00, 0.000, 1, 20, 3, 7, 8),
(496, 1, '2016-10-03', 54, '', 0.00, 0.000, 1, 21, 3, 7, 8),
(497, 2, '2016-10-03', 68, '', 0.00, 0.000, 1, 21, 3, 7, 8),
(498, 3, '2016-10-03', 69, '', 0.00, 0.000, 1, 21, 3, 7, 8),
(499, 4, '2016-10-03', 72, '', 0.00, 0.000, 1, 21, 3, 7, 8),
(500, 5, '2016-10-03', 69, '', 0.00, 0.000, 1, 21, 3, 7, 8),
(501, 6, '2016-10-03', 84, '', 0.00, 0.000, 1, 21, 3, 7, 8),
(502, 7, '2016-10-03', 77, '', 0.00, 0.000, 1, 21, 3, 7, 8),
(503, 8, '2016-10-03', 70, '', 0.00, 0.000, 1, 21, 3, 7, 8),
(504, 9, '2016-10-03', 69, '', 0.00, 0.000, 1, 21, 3, 7, 8),
(505, 10, '2016-10-03', 72, '', 0.00, 0.000, 1, 21, 3, 7, 8),
(506, 11, '2016-10-03', 72, '', 0.00, 0.000, 1, 21, 3, 7, 8),
(507, 12, '2016-10-03', 70, '', 0.00, 0.000, 1, 21, 3, 7, 8),
(508, 13, '2016-10-03', 72, '', 0.00, 0.000, 1, 21, 3, 7, 8),
(509, 14, '2016-10-03', 77, '', 0.00, 0.000, 1, 21, 3, 7, 8),
(510, 15, '2016-10-03', 73, '', 0.00, 0.000, 1, 21, 3, 7, 8),
(511, 1, '2016-07-11', 77, '', 2.70, 0.000, 2, 20, 3, 7, 8),
(512, 2, '2016-07-11', 77, '', 3.50, 0.000, 2, 20, 3, 7, 8),
(513, 3, '2016-07-11', 73, '', 3.20, 0.000, 2, 20, 3, 7, 8),
(514, 4, '2016-07-11', 80, '', 3.70, 0.000, 2, 20, 3, 7, 8),
(515, 5, '2016-07-11', 81, '', 3.60, 0.000, 2, 20, 3, 7, 8),
(516, 6, '2016-07-11', 68, '', 3.10, 0.000, 2, 20, 3, 7, 8),
(517, 7, '2016-07-11', 77, '', 3.00, 0.000, 2, 20, 3, 7, 8),
(518, 8, '2016-07-11', 66, '', 3.60, 0.000, 2, 20, 3, 7, 8),
(519, 9, '2016-07-11', 84, '', 3.00, 0.000, 2, 20, 3, 7, 8),
(520, 10, '2016-07-11', 81, '', 2.70, 0.000, 2, 20, 3, 7, 8),
(521, 11, '2016-07-11', 80, '', 2.40, 0.000, 2, 20, 3, 7, 8),
(522, 12, '2016-07-11', 74, '', 2.30, 0.000, 2, 20, 3, 7, 8),
(523, 13, '2016-07-11', 71, '', 2.60, 0.000, 2, 20, 3, 7, 8),
(524, 14, '2016-07-11', 83, '', 2.80, 0.000, 2, 20, 3, 7, 8),
(525, 15, '2016-07-11', 71, '', 2.60, 0.000, 2, 20, 3, 7, 8),
(526, 1, '2016-07-11', 54, '', 1.30, 0.000, 2, 21, 3, 7, 8),
(527, 2, '2016-07-11', 68, '', 1.30, 0.000, 2, 21, 3, 7, 8),
(528, 3, '2016-07-11', 69, '', 1.50, 0.000, 2, 21, 3, 7, 8),
(529, 4, '2016-07-11', 72, '', 1.50, 0.000, 2, 21, 3, 7, 8),
(530, 5, '2016-07-11', 69, '', 1.40, 0.000, 2, 21, 3, 7, 8),
(531, 6, '2016-07-11', 84, '', 1.50, 0.000, 2, 21, 3, 7, 8),
(532, 7, '2016-07-11', 77, '', 2.20, 0.000, 2, 21, 3, 7, 8),
(533, 8, '2016-07-11', 70, '', 1.40, 0.000, 2, 21, 3, 7, 8),
(534, 9, '2016-07-11', 69, '', 1.20, 0.000, 2, 21, 3, 7, 8),
(535, 10, '2016-07-11', 72, '', 1.60, 0.000, 2, 21, 3, 7, 8),
(536, 11, '2016-07-11', 72, '', 1.30, 0.000, 2, 21, 3, 7, 8),
(537, 12, '2016-07-11', 70, '', 1.20, 0.000, 2, 21, 3, 7, 8),
(538, 13, '2016-07-11', 72, '', 1.50, 0.000, 2, 21, 3, 7, 8),
(539, 14, '2016-07-11', 77, '', 1.50, 0.000, 2, 21, 3, 7, 8),
(540, 15, '2016-07-11', 73, '', 1.10, 0.000, 2, 21, 3, 7, 8),
(541, 1, '2016-11-18', 77, '', 9.60, 0.000, 3, 20, 3, 7, 8),
(542, 2, '2016-11-18', 77, '', 13.20, 0.000, 3, 20, 3, 7, 8),
(543, 3, '2016-11-18', 73, '', 11.00, 0.000, 3, 20, 3, 7, 8),
(544, 4, '2016-11-18', 80, '', 10.30, 0.000, 3, 20, 3, 7, 8),
(545, 5, '2016-11-18', 81, '', 12.10, 0.000, 3, 20, 3, 7, 8),
(546, 6, '2016-11-18', 68, '', 10.80, 0.000, 3, 20, 3, 7, 8),
(547, 7, '2016-11-18', 77, '', 10.10, 0.000, 3, 20, 3, 7, 8),
(548, 8, '2016-11-18', 66, '', 11.20, 0.000, 3, 20, 3, 7, 8),
(549, 9, '2016-11-18', 84, '', 9.40, 0.000, 3, 20, 3, 7, 8),
(550, 10, '2016-11-18', 81, '', 10.70, 0.000, 3, 20, 3, 7, 8),
(551, 11, '2016-11-18', 80, '', 9.60, 0.000, 3, 20, 3, 7, 8),
(552, 12, '2016-11-18', 74, '', 9.60, 0.000, 3, 20, 3, 7, 8),
(553, 13, '2016-11-18', 71, '', 9.40, 0.000, 3, 20, 3, 7, 8),
(554, 14, '2016-11-18', 83, '', 10.40, 0.000, 3, 20, 3, 7, 8),
(555, 15, '2016-11-18', 71, '', 10.80, 0.000, 3, 20, 3, 7, 8),
(556, 1, '2016-11-18', 54, '', 4.00, 0.000, 3, 21, 3, 7, 8),
(557, 2, '2016-11-18', 68, '', 5.00, 0.000, 3, 21, 3, 7, 8),
(558, 3, '2016-11-18', 69, '', 4.90, 0.000, 3, 21, 3, 7, 8),
(559, 4, '2016-11-18', 72, '', 5.30, 0.000, 3, 21, 3, 7, 8),
(560, 5, '2016-11-18', 69, '', 4.60, 0.000, 3, 21, 3, 7, 8),
(561, 6, '2016-11-18', 84, '', 5.90, 0.000, 3, 21, 3, 7, 8),
(562, 7, '2016-11-18', 77, '', 7.10, 0.000, 3, 21, 3, 7, 8),
(563, 8, '2016-11-18', 70, '', 4.50, 0.000, 3, 21, 3, 7, 8),
(564, 9, '2016-11-18', 69, '', 4.00, 0.000, 3, 21, 3, 7, 8),
(565, 10, '2016-11-18', 72, '', 4.90, 0.000, 3, 21, 3, 7, 8),
(566, 11, '2016-11-18', 72, '', 4.20, 0.000, 3, 21, 3, 7, 8),
(567, 12, '2016-11-18', 70, '', 3.80, 0.000, 3, 21, 3, 7, 8),
(568, 13, '2016-11-18', 72, '', 4.90, 0.000, 3, 21, 3, 7, 8),
(569, 14, '2016-11-18', 77, '', 5.60, 0.000, 3, 21, 3, 7, 8),
(570, 15, '2016-11-18', 73, '', 4.50, 0.000, 3, 21, 3, 7, 8),
(571, 1, '2016-12-13', 77, '', 37.29, 0.000, 4, 20, 3, 7, 8),
(572, 2, '2016-12-13', 77, '', 39.79, 0.000, 4, 20, 3, 7, 8),
(573, 3, '2016-12-13', 73, '', 37.07, 0.000, 4, 20, 3, 7, 8),
(574, 4, '2016-12-13', 80, '', 38.79, 0.000, 4, 20, 3, 7, 8),
(575, 5, '2016-12-13', 81, '', 38.67, 0.000, 4, 20, 3, 7, 8),
(576, 6, '2016-12-13', 68, '', 42.69, 0.000, 4, 20, 3, 7, 8),
(577, 7, '2016-12-13', 77, '', 45.28, 0.000, 4, 20, 3, 7, 8),
(578, 8, '2016-12-13', 66, '', 34.07, 0.000, 4, 20, 3, 7, 8),
(579, 9, '2016-12-13', 84, '', 43.63, 0.000, 4, 20, 3, 7, 8),
(580, 10, '2016-12-13', 81, '', 43.33, 0.000, 4, 20, 3, 7, 8),
(581, 11, '2016-12-13', 80, '', 40.17, 0.000, 4, 20, 3, 7, 8),
(582, 12, '2016-12-13', 74, '', 43.16, 0.000, 4, 20, 3, 7, 8),
(583, 13, '2016-12-13', 71, '', 41.38, 0.000, 4, 20, 3, 7, 8),
(584, 14, '2016-12-13', 83, '', 44.86, 0.000, 4, 20, 3, 7, 8),
(585, 15, '2016-12-13', 71, '', 41.45, 0.000, 4, 20, 3, 7, 8),
(586, 1, '2016-12-13', 54, '', 26.00, 0.000, 4, 21, 3, 7, 8),
(587, 2, '2016-12-13', 68, '', 23.46, 0.000, 4, 21, 3, 7, 8),
(588, 3, '2016-12-13', 69, '', 27.07, 0.000, 4, 21, 3, 7, 8),
(589, 4, '2016-12-13', 72, '', 30.51, 0.000, 4, 21, 3, 7, 8),
(590, 5, '2016-12-13', 69, '', 31.62, 0.000, 4, 21, 3, 7, 8),
(591, 6, '2016-12-13', 84, '', 31.97, 0.000, 4, 21, 3, 7, 8),
(592, 7, '2016-12-13', 77, '', 40.72, 0.000, 4, 21, 3, 7, 8),
(593, 8, '2016-12-13', 70, '', 32.41, 0.000, 4, 21, 3, 7, 8),
(594, 9, '2016-12-13', 69, '', 28.78, 0.000, 4, 21, 3, 7, 8),
(595, 10, '2016-12-13', 72, '', 34.74, 0.000, 4, 21, 3, 7, 8),
(596, 11, '2016-12-13', 72, '', 32.39, 0.000, 4, 21, 3, 7, 8),
(597, 12, '2016-12-13', 70, '', 27.79, 0.000, 4, 21, 3, 7, 8),
(598, 13, '2016-12-13', 72, '', 29.52, 0.000, 4, 21, 3, 7, 8),
(599, 14, '2016-12-13', 77, '', 34.49, 0.000, 4, 21, 3, 7, 8),
(600, 15, '2016-12-13', 73, '', 26.76, 0.000, 4, 21, 3, 7, 8),
(601, 1, '2016-08-19', 108, '', 0.00, 0.000, 1, 22, 4, 8, 9),
(602, 2, '2016-08-19', 110, '', 0.00, 0.000, 1, 22, 4, 8, 9),
(603, 3, '2016-08-19', 98, '', 0.00, 0.000, 1, 22, 4, 8, 9),
(604, 4, '2016-08-19', 114, '', 0.00, 0.000, 1, 22, 4, 8, 9),
(605, 5, '2016-08-19', 100, '', 0.00, 0.000, 1, 22, 4, 8, 9),
(606, 6, '2016-08-19', 108, '', 0.00, 0.000, 1, 22, 4, 8, 9),
(607, 7, '2016-08-19', 113, '', 0.00, 0.000, 1, 22, 4, 8, 9),
(608, 8, '2016-08-19', 113, '', 0.00, 0.000, 1, 22, 4, 8, 9),
(609, 9, '2016-08-19', 117, '', 0.00, 0.000, 1, 22, 4, 8, 9),
(610, 10, '2016-08-19', 94, '', 0.00, 0.000, 1, 22, 4, 8, 9),
(611, 11, '2016-08-19', 108, '', 0.00, 0.000, 1, 22, 4, 8, 9),
(612, 12, '2016-08-19', 101, '', 0.00, 0.000, 1, 22, 4, 8, 9),
(613, 13, '2016-08-19', 98, '', 0.00, 0.000, 1, 22, 4, 8, 9),
(614, 14, '2016-08-19', 106, '', 0.00, 0.000, 1, 22, 4, 8, 9),
(615, 15, '2016-08-19', 109, '', 0.00, 0.000, 1, 22, 4, 8, 9),
(616, 1, '2016-08-19', 113, '', 0.00, 0.000, 1, 23, 4, 8, 9),
(617, 2, '2016-08-19', 99, '', 0.00, 0.000, 1, 23, 4, 8, 9),
(618, 3, '2016-08-19', 108, '', 0.00, 0.000, 1, 23, 4, 8, 9),
(619, 4, '2016-08-19', 106, '', 0.00, 0.000, 1, 23, 4, 8, 9),
(620, 5, '2016-08-19', 97, '', 0.00, 0.000, 1, 23, 4, 8, 9),
(621, 6, '2016-08-19', 98, '', 0.00, 0.000, 1, 23, 4, 8, 9),
(622, 7, '2016-08-19', 113, '', 0.00, 0.000, 1, 23, 4, 8, 9),
(623, 8, '2016-08-19', 101, '', 0.00, 0.000, 1, 23, 4, 8, 9),
(624, 9, '2016-08-19', 111, '', 0.00, 0.000, 1, 23, 4, 8, 9),
(625, 10, '2016-08-19', 110, '', 0.00, 0.000, 1, 23, 4, 8, 9),
(626, 11, '2016-08-19', 99, '', 0.00, 0.000, 1, 23, 4, 8, 9),
(627, 12, '2016-08-19', 87, '', 0.00, 0.000, 1, 23, 4, 8, 9),
(628, 13, '2016-08-19', 98, '', 0.00, 0.000, 1, 23, 4, 8, 9),
(629, 14, '2016-08-19', 96, '', 0.00, 0.000, 1, 23, 4, 8, 9),
(630, 15, '2016-08-19', 98, '', 0.00, 0.000, 1, 23, 4, 8, 9),
(631, 1, '2016-11-04', 108, '', 16.40, 0.000, 3, 22, 4, 8, 9),
(632, 2, '2016-11-04', 110, '', 15.20, 0.000, 3, 22, 4, 8, 9),
(633, 3, '2016-11-04', 98, '', 11.10, 0.000, 3, 22, 4, 8, 9),
(634, 4, '2016-11-04', 114, '', 12.20, 0.000, 3, 22, 4, 8, 9),
(635, 5, '2016-11-04', 100, '', 11.80, 0.000, 3, 22, 4, 8, 9),
(636, 6, '2016-11-04', 108, '', 11.20, 0.000, 3, 22, 4, 8, 9),
(637, 7, '2016-11-04', 113, '', 10.40, 0.000, 3, 22, 4, 8, 9),
(638, 8, '2016-11-04', 113, '', 15.50, 0.000, 3, 22, 4, 8, 9),
(639, 9, '2016-11-04', 117, '', 18.80, 0.000, 3, 22, 4, 8, 9),
(640, 10, '2016-11-04', 94, '', 12.80, 0.000, 3, 22, 4, 8, 9),
(641, 11, '2016-11-04', 108, '', 15.20, 0.000, 3, 22, 4, 8, 9),
(642, 12, '2016-11-04', 101, '', 15.80, 0.000, 3, 22, 4, 8, 9),
(643, 13, '2016-11-04', 98, '', 12.90, 0.000, 3, 22, 4, 8, 9),
(644, 14, '2016-11-04', 106, '', 13.30, 0.000, 3, 22, 4, 8, 9),
(645, 15, '2016-11-04', 109, '', 13.00, 0.000, 3, 22, 4, 8, 9),
(646, 1, '2016-11-04', 113, '', 3.70, 0.000, 3, 23, 4, 8, 9),
(647, 2, '2016-11-04', 99, '', 4.90, 0.000, 3, 23, 4, 8, 9),
(648, 3, '2016-11-04', 108, '', 7.20, 0.000, 3, 23, 4, 8, 9),
(649, 4, '2016-11-04', 106, '', 5.90, 0.000, 3, 23, 4, 8, 9),
(650, 5, '2016-11-04', 97, '', 7.00, 0.000, 3, 23, 4, 8, 9),
(651, 6, '2016-11-04', 98, '', 6.70, 0.000, 3, 23, 4, 8, 9),
(652, 7, '2016-11-04', 113, '', 6.50, 0.000, 3, 23, 4, 8, 9),
(653, 8, '2016-11-04', 101, '', 3.40, 0.000, 3, 23, 4, 8, 9),
(654, 9, '2016-11-04', 111, '', 3.90, 0.000, 3, 23, 4, 8, 9),
(655, 10, '2016-11-04', 110, '', 3.00, 0.000, 3, 23, 4, 8, 9),
(656, 11, '2016-11-04', 99, '', 1.90, 0.000, 3, 23, 4, 8, 9),
(657, 12, '2016-11-04', 87, '', 1.20, 0.000, 3, 23, 4, 8, 9),
(658, 13, '2016-11-04', 98, '', 1.50, 0.000, 3, 23, 4, 8, 9),
(659, 14, '2016-11-04', 96, '', 4.00, 0.000, 3, 23, 4, 8, 9),
(660, 15, '2016-11-04', 98, '', 6.20, 0.000, 3, 23, 4, 8, 9),
(661, 1, '2016-12-06', 108, '', 71.00, 0.000, 4, 22, 4, 8, 9),
(662, 2, '2016-12-06', 110, '', 67.37, 0.000, 4, 22, 4, 8, 9),
(663, 3, '2016-12-06', 98, '', 63.86, 0.000, 4, 22, 4, 8, 9),
(664, 4, '2016-12-06', 114, '', 63.45, 0.000, 4, 22, 4, 8, 9),
(665, 5, '2016-12-06', 100, '', 53.21, 0.000, 4, 22, 4, 8, 9),
(666, 6, '2016-12-06', 108, '', 48.74, 0.000, 4, 22, 4, 8, 9),
(667, 7, '2016-12-06', 113, '', 56.14, 0.000, 4, 22, 4, 8, 9),
(668, 8, '2016-12-06', 113, '', 70.59, 0.000, 4, 22, 4, 8, 9),
(669, 9, '2016-12-06', 117, '', 65.04, 0.000, 4, 22, 4, 8, 9),
(670, 10, '2016-12-06', 94, '', 63.26, 0.000, 4, 22, 4, 8, 9),
(671, 11, '2016-12-06', 108, '', 72.28, 0.000, 4, 22, 4, 8, 9),
(672, 12, '2016-12-06', 101, '', 66.36, 0.000, 4, 22, 4, 8, 9),
(673, 13, '2016-12-06', 98, '', 58.24, 0.000, 4, 22, 4, 8, 9),
(674, 14, '2016-12-06', 106, '', 64.31, 0.000, 4, 22, 4, 8, 9),
(675, 15, '2016-12-06', 109, '', 60.15, 0.000, 4, 22, 4, 8, 9),
(676, 1, '2016-12-06', 113, '', 33.13, 0.000, 4, 23, 4, 8, 9),
(677, 2, '2016-12-06', 99, '', 36.59, 0.000, 4, 23, 4, 8, 9),
(678, 3, '2016-12-06', 108, '', 41.83, 0.000, 4, 23, 4, 8, 9),
(679, 4, '2016-12-06', 106, '', 37.74, 0.000, 4, 23, 4, 8, 9),
(680, 5, '2016-12-06', 97, '', 39.01, 0.000, 4, 23, 4, 8, 9),
(681, 6, '2016-12-06', 98, '', 41.00, 0.000, 4, 23, 4, 8, 9),
(682, 7, '2016-12-06', 113, '', 42.85, 0.000, 4, 23, 4, 8, 9),
(683, 8, '2016-12-06', 101, '', 35.85, 0.000, 4, 23, 4, 8, 9),
(684, 9, '2016-12-06', 111, '', 34.51, 0.000, 4, 23, 4, 8, 9),
(685, 10, '2016-12-06', 110, '', 29.43, 0.000, 4, 23, 4, 8, 9),
(686, 11, '2016-12-06', 99, '', 23.17, 0.000, 4, 23, 4, 8, 9),
(687, 12, '2016-12-06', 87, '', 19.48, 0.000, 4, 23, 4, 8, 9),
(688, 13, '2016-12-06', 98, '', 35.94, 0.000, 4, 23, 4, 8, 9),
(689, 14, '2016-12-06', 96, '', 36.54, 0.000, 4, 23, 4, 8, 9),
(690, 15, '2016-12-06', 98, '', 41.43, 0.000, 4, 23, 4, 8, 9),
(691, 1, '2017-02-27', 84, '', 0.00, 15.200, 5, 12, 1, 5, 6),
(692, 2, '2017-02-27', 85, '', 0.00, 14.350, 5, 12, 1, 5, 6),
(693, 3, '2017-02-27', 74, '', 0.00, 13.500, 5, 12, 1, 5, 6),
(694, 4, '2017-02-27', 67, '', 0.00, 13.450, 5, 12, 1, 5, 6),
(695, 5, '2017-02-27', 89, '', 0.00, 14.050, 5, 12, 1, 5, 6),
(696, 6, '2017-02-27', 92, '', 0.00, 17.050, 5, 12, 1, 5, 6),
(697, 7, '2017-02-27', 85, '', 0.00, 16.050, 5, 12, 1, 5, 6),
(698, 8, '2017-02-27', 79, '', 0.00, 14.900, 5, 12, 1, 5, 6),
(699, 9, '2017-02-27', 93, '', 0.00, 15.500, 5, 12, 1, 5, 6),
(700, 10, '2017-02-27', 81, '', 0.00, 15.500, 5, 12, 1, 5, 6),
(701, 11, '2017-02-27', 82, '', 0.00, 14.550, 5, 12, 1, 5, 6),
(702, 12, '2017-02-27', 81, '', 0.00, 13.350, 5, 12, 1, 5, 6),
(703, 13, '2017-02-27', 89, '', 0.00, 14.500, 5, 12, 1, 5, 6),
(704, 14, '2017-02-27', 77, '', 0.00, 13.750, 5, 12, 1, 5, 6),
(705, 15, '2017-02-27', 93, '', 0.00, 15.850, 5, 12, 1, 5, 6),
(706, 1, '2017-02-27', 77, '', 0.00, 12.200, 5, 13, 1, 5, 6),
(707, 2, '2017-02-27', 86, '', 0.00, 11.500, 5, 13, 1, 5, 6),
(708, 3, '2017-02-27', 67, '', 0.00, 11.050, 5, 13, 1, 5, 6),
(709, 4, '2017-02-27', 59, '', 0.00, 11.550, 5, 13, 1, 5, 6),
(710, 5, '2017-02-27', 77, '', 0.00, 14.450, 5, 13, 1, 5, 6),
(711, 6, '2017-02-27', 84, '', 0.00, 12.950, 5, 13, 1, 5, 6),
(712, 7, '2017-02-27', 65, '', 0.00, 12.350, 5, 13, 1, 5, 6),
(713, 8, '2017-02-27', 86, '', 0.00, 14.350, 5, 13, 1, 5, 6),
(714, 9, '2017-02-27', 88, '', 0.00, 14.500, 5, 13, 1, 5, 6),
(715, 10, '2017-02-27', 79, '', 0.00, 14.400, 5, 13, 1, 5, 6),
(716, 11, '2017-02-27', 72, '', 0.00, 12.500, 5, 13, 1, 5, 6),
(717, 12, '2017-02-27', 69, '', 0.00, 11.150, 5, 13, 1, 5, 6),
(718, 13, '2017-02-27', 64, '', 0.00, 9.300, 5, 13, 1, 5, 6),
(719, 14, '2017-02-27', 70, '', 0.00, 11.550, 5, 13, 1, 5, 6),
(720, 15, '2017-02-27', 89, '', 0.00, 10.950, 5, 13, 1, 5, 6),
(721, 1, '2017-02-27', 76, '', 0.00, 13.530, 5, 14, 1, 5, 6),
(722, 2, '2017-02-27', 87, '', 0.00, 13.050, 5, 14, 1, 5, 6),
(723, 3, '2017-02-27', 78, '', 0.00, 11.180, 5, 14, 1, 5, 6),
(724, 4, '2017-02-27', 84, '', 0.00, 10.570, 5, 14, 1, 5, 6),
(725, 5, '2017-02-27', 84, '', 0.00, 11.840, 5, 14, 1, 5, 6),
(726, 6, '2017-02-27', 76, '', 0.00, 12.940, 5, 14, 1, 5, 6),
(727, 7, '2017-02-27', 69, '', 0.00, 7.220, 5, 14, 1, 5, 6),
(728, 8, '2017-02-27', 85, '', 0.00, 12.100, 5, 14, 1, 5, 6),
(729, 9, '2017-02-27', 92, '', 0.00, 14.950, 5, 14, 1, 5, 6),
(730, 10, '2017-02-27', 95, '', 0.00, 15.950, 5, 14, 1, 5, 6),
(731, 11, '2017-02-27', 69, '', 0.00, 12.300, 5, 14, 1, 5, 6),
(732, 12, '2017-02-27', 88, '', 0.00, 15.150, 5, 14, 1, 5, 6),
(733, 13, '2017-02-27', 76, '', 0.00, 13.450, 5, 14, 1, 5, 6),
(734, 14, '2017-02-27', 84, '', 0.00, 11.800, 5, 14, 1, 5, 6),
(735, 15, '2017-02-27', 88, '', 0.00, 15.750, 5, 14, 1, 5, 6),
(736, 1, '2017-02-27', 67, '', 0.00, 13.450, 5, 15, 1, 5, 6),
(737, 2, '2017-02-27', 84, '', 0.00, 14.300, 5, 15, 1, 5, 6),
(738, 3, '2017-02-27', 79, '', 0.00, 12.280, 5, 15, 1, 5, 6),
(739, 4, '2017-02-27', 89, '', 0.00, 12.390, 5, 15, 1, 5, 6),
(740, 5, '2017-02-27', 66, '', 0.00, 11.840, 5, 15, 1, 5, 6),
(741, 6, '2017-02-27', 72, '', 0.00, 13.540, 5, 15, 1, 5, 6),
(742, 7, '2017-02-27', 76, '', 0.00, 10.730, 5, 15, 1, 5, 6),
(743, 8, '2017-02-27', 80, '', 0.00, 11.850, 5, 15, 1, 5, 6),
(744, 9, '2017-02-27', 84, '', 0.00, 11.600, 5, 15, 1, 5, 6),
(745, 10, '2017-02-27', 65, '', 0.00, 11.350, 5, 15, 1, 5, 6),
(746, 11, '2017-02-27', 74, '', 0.00, 10.760, 5, 15, 1, 5, 6),
(747, 12, '2017-02-27', 81, '', 0.00, 11.500, 5, 15, 1, 5, 6),
(748, 13, '2017-02-27', 80, '', 0.00, 12.250, 5, 15, 1, 5, 6),
(749, 14, '2017-02-27', 82, '', 0.00, 11.000, 5, 15, 1, 5, 6),
(750, 15, '2017-02-27', 72, '', 0.00, 12.800, 5, 15, 1, 5, 6),
(751, 1, '2017-02-27', 70, '', 0.00, 13.290, 5, 16, 1, 5, 6),
(752, 2, '2017-02-27', 93, '', 0.00, 14.480, 5, 16, 1, 5, 6),
(753, 3, '2017-02-27', 62, '', 0.00, 11.610, 5, 16, 1, 5, 6),
(754, 4, '2017-02-27', 85, '', 0.00, 17.750, 5, 16, 1, 5, 6),
(755, 5, '2017-02-27', 81, '', 0.00, 14.900, 5, 16, 1, 5, 6),
(756, 6, '2017-02-27', 93, '', 0.00, 16.800, 5, 16, 1, 5, 6),
(757, 7, '2017-02-27', 84, '', 0.00, 18.700, 5, 16, 1, 5, 6),
(758, 8, '2017-02-27', 74, '', 0.00, 12.740, 5, 16, 1, 5, 6),
(759, 9, '2017-02-27', 93, '', 0.00, 17.300, 5, 16, 1, 5, 6),
(760, 10, '2017-02-27', 87, '', 0.00, 15.800, 5, 16, 1, 5, 6),
(761, 11, '2017-02-27', 91, '', 0.00, 17.350, 5, 16, 1, 5, 6),
(762, 12, '2017-02-27', 97, '', 0.00, 17.470, 5, 16, 1, 5, 6),
(763, 13, '2017-02-27', 90, '', 0.00, 19.750, 5, 16, 1, 5, 6),
(764, 14, '2017-02-27', 91, '', 0.00, 19.550, 5, 16, 1, 5, 6),
(765, 15, '2017-02-27', 97, '', 0.00, 18.650, 5, 16, 1, 5, 6),
(766, 1, '2017-02-27', 61, '', 0.00, 14.500, 5, 17, 1, 5, 6),
(767, 2, '2017-02-27', 72, '', 0.00, 14.570, 5, 17, 1, 5, 6),
(768, 3, '2017-02-27', 39, '', 0.00, 9.340, 5, 17, 1, 5, 6),
(769, 4, '2017-02-27', 60, '', 0.00, 11.930, 5, 17, 1, 5, 6),
(770, 5, '2017-02-27', 74, '', 0.00, 10.950, 5, 17, 1, 5, 6),
(771, 6, '2017-02-27', 81, '', 0.00, 14.750, 5, 17, 1, 5, 6),
(772, 7, '2017-02-27', 82, '', 0.00, 17.420, 5, 17, 1, 5, 6),
(773, 8, '2017-02-27', 84, '', 0.00, 18.300, 5, 17, 1, 5, 6),
(774, 9, '2017-02-27', 82, '', 0.00, 16.700, 5, 17, 1, 5, 6),
(775, 10, '2017-02-27', 61, '', 0.00, 14.570, 5, 17, 1, 5, 6),
(776, 11, '2017-02-27', 37, '', 0.00, 6.220, 5, 17, 1, 5, 6),
(777, 12, '2017-02-27', 80, '', 0.00, 15.150, 5, 17, 1, 5, 6),
(778, 13, '2017-02-27', 46, '', 0.00, 8.260, 5, 17, 1, 5, 6),
(779, 14, '2017-02-27', 48, '', 0.00, 4.780, 5, 17, 1, 5, 6),
(780, 15, '2017-02-27', 46, '', 0.00, 4.100, 5, 17, 1, 5, 6),
(781, 1, '2017-01-31', 119, '', 0.00, 23.000, 5, 22, 4, 8, 9),
(782, 2, '2017-01-31', 111, '', 0.00, 20.100, 5, 22, 4, 8, 9),
(783, 3, '2017-01-31', 104, '', 0.00, 19.700, 5, 22, 4, 8, 9),
(784, 4, '2017-01-31', 110, '', 0.00, 20.030, 5, 22, 4, 8, 9),
(785, 5, '2017-01-31', 92, '', 0.00, 18.190, 5, 22, 4, 8, 9),
(786, 6, '2017-01-31', 112, '', 0.00, 18.050, 5, 22, 4, 8, 9),
(787, 7, '2017-01-31', 115, '', 0.00, 17.750, 5, 22, 4, 8, 9),
(788, 8, '2017-01-31', 106, '', 0.00, 19.750, 5, 22, 4, 8, 9),
(789, 9, '2017-01-31', 116, '', 0.00, 18.050, 5, 22, 4, 8, 9),
(790, 10, '2017-01-31', 97, '', 0.00, 17.150, 5, 22, 4, 8, 9),
(791, 11, '2017-01-31', 104, '', 0.00, 21.140, 5, 22, 4, 8, 9),
(792, 12, '2017-01-31', 97, '', 0.00, 19.350, 5, 22, 4, 8, 9),
(793, 13, '2017-01-31', 88, '', 0.00, 18.200, 5, 22, 4, 8, 9),
(794, 14, '2017-01-31', 103, '', 0.00, 18.300, 5, 22, 4, 8, 9),
(795, 15, '2017-01-31', 108, '', 0.00, 19.600, 5, 22, 4, 8, 9),
(796, 1, '2017-01-31', 113, '', 0.00, 14.160, 5, 23, 4, 8, 9),
(797, 2, '2017-01-31', 101, '', 0.00, 13.800, 5, 23, 4, 8, 9),
(798, 3, '2017-01-31', 100, '', 0.00, 14.450, 5, 23, 4, 8, 9),
(799, 4, '2017-01-31', 108, '', 0.00, 15.100, 5, 23, 4, 8, 9),
(800, 5, '2017-01-31', 92, '', 0.00, 15.250, 5, 23, 4, 8, 9),
(801, 6, '2017-01-31', 95, '', 0.00, 15.550, 5, 23, 4, 8, 9),
(802, 7, '2017-01-31', 109, '', 0.00, 15.500, 5, 23, 4, 8, 9),
(803, 8, '2017-01-31', 102, '', 0.00, 13.850, 5, 23, 4, 8, 9),
(804, 9, '2017-01-31', 116, '', 0.00, 14.000, 5, 23, 4, 8, 9),
(805, 10, '2017-01-31', 110, '', 0.00, 13.600, 5, 23, 4, 8, 9),
(806, 11, '2017-01-31', 96, '', 0.00, 11.450, 5, 23, 4, 8, 9),
(807, 12, '2017-01-31', 132, '', 0.00, 10.150, 5, 23, 4, 8, 9),
(808, 13, '2017-01-31', 83, '', 0.00, 9.840, 5, 23, 4, 8, 9),
(809, 14, '2017-01-31', 101, '', 0.00, 14.800, 5, 23, 4, 8, 9),
(810, 15, '2017-01-31', 96, '', 0.00, 13.960, 5, 23, 4, 8, 9),
(811, 1, '2017-02-07', 129, '', 0.00, 10.400, 5, 18, 2, 6, 7),
(812, 2, '2017-02-07', 125, '', 0.00, 12.600, 5, 18, 2, 6, 7),
(813, 3, '2017-02-07', 144, '', 0.00, 14.000, 5, 18, 2, 6, 7),
(814, 4, '2017-02-07', 184, 'Planter issue? Double up''s', 0.00, 13.550, 5, 18, 2, 6, 7),
(815, 5, '2017-02-07', 142, '', 0.00, 13.900, 5, 18, 2, 6, 7),
(816, 6, '2017-02-07', 125, '', 0.00, 12.000, 5, 18, 2, 6, 7),
(817, 7, '2017-02-07', 142, '', 0.00, 14.900, 5, 18, 2, 6, 7),
(818, 8, '2017-02-07', 142, '', 0.00, 17.800, 5, 18, 2, 6, 7),
(819, 9, '2017-02-07', 135, '', 0.00, 20.000, 5, 18, 2, 6, 7),
(820, 10, '2017-02-07', 131, '', 0.00, 16.600, 5, 18, 2, 6, 7),
(821, 11, '2017-02-07', 136, '', 0.00, 16.950, 5, 18, 2, 6, 7),
(822, 12, '2017-02-07', 138, '', 0.00, 14.300, 5, 18, 2, 6, 7),
(823, 13, '2017-02-07', 132, '', 0.00, 12.900, 5, 18, 2, 6, 7),
(824, 14, '2017-02-07', 119, '', 0.00, 14.950, 5, 18, 2, 6, 7),
(825, 15, '2017-02-07', 125, '', 0.00, 13.200, 5, 18, 2, 6, 7),
(826, 1, '2017-02-07', 127, '', 0.00, 12.750, 5, 19, 2, 6, 7);
INSERT INTO `sample` (`sample_id`, `zone_sample_plot_id`, `sample_date`, `sample_count`, `sample_comment`, `sample_ela_score`, `sample_bulb_weight`, `growth_stage_id`, `zone_id`, `crop_id`, `paddock_id`, `farm_id`) VALUES
(827, 2, '2017-02-07', 0, 'Tractor driven over part of plot', 0.00, 0.000, 5, 19, 2, 6, 7),
(828, 3, '2017-02-07', 112, '', 0.00, 8.760, 5, 19, 2, 6, 7),
(829, 4, '2017-02-07', 110, '', 0.00, 8.000, 5, 19, 2, 6, 7),
(830, 5, '2017-02-07', 116, '', 0.00, 8.740, 5, 19, 2, 6, 7),
(831, 6, '2017-02-07', 94, '', 0.00, 8.580, 5, 19, 2, 6, 7),
(832, 7, '2017-02-07', 123, '', 0.00, 8.960, 5, 19, 2, 6, 7),
(833, 8, '2017-02-07', 119, '', 0.00, 8.620, 5, 19, 2, 6, 7),
(834, 9, '2017-02-07', 106, '', 0.00, 7.900, 5, 19, 2, 6, 7),
(835, 10, '2017-02-07', 117, '', 0.00, 9.040, 5, 19, 2, 6, 7),
(836, 11, '2017-02-07', 95, '', 0.00, 7.360, 5, 19, 2, 6, 7),
(837, 12, '2017-02-07', 128, '', 0.00, 10.300, 5, 19, 2, 6, 7),
(838, 13, '2017-02-07', 131, '', 0.00, 11.100, 5, 19, 2, 6, 7),
(839, 14, '2017-02-07', 106, '', 0.00, 9.440, 5, 19, 2, 6, 7),
(840, 15, '2017-02-07', 122, '', 0.00, 9.520, 5, 19, 2, 6, 7),
(841, 1, '2017-02-24', 75, '', 0.00, 13.560, 5, 20, 3, 7, 8),
(842, 2, '2017-02-24', 71, '', 0.00, 12.700, 5, 20, 3, 7, 8),
(843, 3, '2017-02-24', 72, '', 0.00, 13.730, 5, 20, 3, 7, 8),
(844, 4, '2017-02-24', 78, '', 0.00, 14.400, 5, 20, 3, 7, 8),
(845, 5, '2017-02-24', 72, '', 0.00, 15.950, 5, 20, 3, 7, 8),
(846, 6, '2017-02-24', 78, '', 0.00, 15.500, 5, 20, 3, 7, 8),
(847, 7, '2017-02-24', 76, '', 0.00, 16.550, 5, 20, 3, 7, 8),
(848, 8, '2017-02-24', 64, '', 0.00, 16.050, 5, 20, 3, 7, 8),
(849, 9, '2017-02-24', 78, '', 0.00, 14.820, 5, 20, 3, 7, 8),
(850, 10, '2017-02-24', 71, '', 0.00, 16.350, 5, 20, 3, 7, 8),
(851, 11, '2017-02-24', 76, '', 0.00, 13.430, 5, 20, 3, 7, 8),
(852, 12, '2017-02-24', 80, '', 0.00, 15.380, 5, 20, 3, 7, 8),
(853, 13, '2017-02-24', 67, '', 0.00, 12.700, 5, 20, 3, 7, 8),
(854, 14, '2017-02-24', 77, '', 0.00, 15.180, 5, 20, 3, 7, 8),
(855, 15, '2017-02-24', 69, '', 0.00, 14.900, 5, 20, 3, 7, 8),
(856, 1, '2017-02-24', 45, '', 0.00, 12.100, 5, 21, 3, 7, 8),
(857, 2, '2017-02-24', 71, '', 0.00, 13.850, 5, 21, 3, 7, 8),
(858, 3, '2017-02-24', 0, 'Sample corrupted due to some onions being harvested and dumped within plot boundary', 0.00, 0.000, 5, 21, 3, 7, 8),
(859, 4, '2017-02-24', 68, '', 0.00, 14.300, 5, 21, 3, 7, 8),
(860, 5, '2017-02-24', 0, 'Sample corrupted due to some onions being harvested and dumped within plot boundary', 0.00, 0.000, 5, 21, 3, 7, 8),
(861, 6, '2017-02-24', 73, '', 0.00, 14.750, 5, 21, 3, 7, 8),
(862, 7, '2017-02-24', 68, '', 0.00, 14.600, 5, 21, 3, 7, 8),
(863, 8, '2017-02-24', 70, '', 0.00, 15.780, 5, 21, 3, 7, 8),
(864, 9, '2017-02-24', 73, '', 0.00, 12.560, 5, 21, 3, 7, 8),
(865, 10, '2017-02-24', 80, '', 0.00, 14.150, 5, 21, 3, 7, 8),
(866, 11, '2017-02-24', 65, '', 0.00, 13.100, 5, 21, 3, 7, 8),
(867, 12, '2017-02-24', 68, '', 0.00, 14.800, 5, 21, 3, 7, 8),
(868, 13, '2017-02-24', 73, '', 0.00, 15.750, 5, 21, 3, 7, 8),
(869, 14, '2017-02-24', 75, '', 0.00, 14.850, 5, 21, 3, 7, 8),
(870, 15, '2017-02-24', 75, '', 0.00, 15.650, 5, 21, 3, 7, 8),
(871, 1, '2017-10-20', 67, '', NULL, NULL, 1, 38, 27, 11, 11),
(872, 2, '2017-10-20', 66, '', NULL, NULL, 1, 38, 27, 11, 11),
(873, 3, '2017-10-20', 71, '', NULL, NULL, 1, 38, 27, 11, 11),
(874, 4, '2017-10-20', 62, '', NULL, NULL, 1, 38, 27, 11, 11),
(875, 5, '2017-10-20', 62, '', NULL, NULL, 1, 38, 27, 11, 11),
(876, 6, '2017-10-20', 67, '', NULL, NULL, 1, 38, 27, 11, 11),
(877, 7, '2017-10-20', 54, '', NULL, NULL, 1, 38, 27, 11, 11),
(878, 8, '2017-10-20', 64, '', NULL, NULL, 1, 38, 27, 11, 11),
(879, 1, '2017-10-20', 69, '', NULL, NULL, 1, 39, 27, 11, 11),
(880, 2, '2017-10-20', 64, '', NULL, NULL, 1, 39, 27, 11, 11),
(881, 3, '2017-10-20', 66, '', NULL, NULL, 1, 39, 27, 11, 11),
(882, 4, '2017-10-20', 66, '', NULL, NULL, 1, 39, 27, 11, 11),
(883, 5, '2017-10-20', 68, '', NULL, NULL, 1, 39, 27, 11, 11),
(884, 6, '2017-10-20', 69, '', NULL, NULL, 1, 39, 27, 11, 11),
(885, 7, '2017-10-20', 69, '', NULL, NULL, 1, 39, 27, 11, 11),
(886, 8, '2017-10-20', 65, '', NULL, NULL, 1, 39, 27, 11, 11),
(887, 1, '2017-11-20', 67, '', 1.42, NULL, 2, 38, 27, 11, 11),
(888, 2, '2017-11-20', 66, '', 1.58, NULL, 2, 38, 27, 11, 11),
(889, 3, '2017-11-20', 71, '', 1.38, NULL, 2, 38, 27, 11, 11),
(890, 4, '2017-11-20', 62, '', 1.64, NULL, 2, 38, 27, 11, 11),
(891, 5, '2017-11-20', 62, '', 0.58, NULL, 2, 38, 27, 11, 11),
(892, 6, '2017-11-20', 67, '', 0.56, NULL, 2, 38, 27, 11, 11),
(893, 7, '2017-11-20', 54, '', 0.60, NULL, 2, 38, 27, 11, 11),
(894, 8, '2017-11-20', 64, '', 1.37, NULL, 2, 38, 27, 11, 11),
(895, 1, '2017-11-20', 69, '', 2.52, NULL, 2, 39, 27, 11, 11),
(896, 2, '2017-11-20', 64, '', 2.67, NULL, 2, 39, 27, 11, 11),
(897, 3, '2017-11-20', 66, '', 2.57, NULL, 2, 39, 27, 11, 11),
(898, 4, '2017-11-20', 66, '', 3.91, NULL, 2, 39, 27, 11, 11),
(899, 5, '2017-11-20', 68, '', 2.91, NULL, 2, 39, 27, 11, 11),
(900, 6, '2017-11-20', 69, '', 2.96, NULL, 2, 39, 27, 11, 11),
(901, 7, '2017-11-20', 69, '', 3.44, NULL, 2, 39, 27, 11, 11),
(902, 8, '2017-11-20', 65, '', 3.71, NULL, 2, 39, 27, 11, 11),
(903, 1, '2017-11-09', 37, '', NULL, NULL, 1, 53, 31, 5, 6),
(904, 2, '2017-11-09', 44, '', NULL, NULL, 1, 53, 31, 5, 6),
(905, 3, '2017-11-09', 27, '', NULL, NULL, 1, 53, 31, 5, 6),
(906, 4, '2017-11-09', 47, '', NULL, NULL, 1, 53, 31, 5, 6),
(907, 5, '2017-11-09', 36, '', NULL, NULL, 1, 53, 31, 5, 6),
(908, 6, '2017-11-09', 29, '', NULL, NULL, 1, 53, 31, 5, 6),
(909, 7, '2017-11-09', 29, '', NULL, NULL, 1, 53, 31, 5, 6),
(910, 8, '2017-11-09', 40, '', NULL, NULL, 1, 53, 31, 5, 6),
(911, 1, '2017-11-09', 38, '', NULL, NULL, 1, 54, 31, 5, 6),
(912, 2, '2017-11-09', 42, '', NULL, NULL, 1, 54, 31, 5, 6),
(913, 3, '2017-11-09', 44, '', NULL, NULL, 1, 54, 31, 5, 6),
(914, 4, '2017-11-09', 49, '', NULL, NULL, 1, 54, 31, 5, 6),
(915, 5, '2017-11-09', 52, '', NULL, NULL, 1, 54, 31, 5, 6),
(916, 6, '2017-11-09', 52, '', NULL, NULL, 1, 54, 31, 5, 6),
(917, 7, '2017-11-09', 49, '', NULL, NULL, 1, 54, 31, 5, 6),
(918, 8, '2017-11-09', 45, '', NULL, NULL, 1, 54, 31, 5, 6),
(919, 1, '2017-11-09', 71, '', NULL, NULL, 1, 55, 31, 5, 6),
(920, 2, '2017-11-09', 68, '', NULL, NULL, 1, 55, 31, 5, 6),
(921, 3, '2017-11-09', 65, '', NULL, NULL, 1, 55, 31, 5, 6),
(922, 4, '2017-11-09', 62, '', NULL, NULL, 1, 55, 31, 5, 6),
(923, 5, '2017-11-09', 64, '', NULL, NULL, 1, 55, 31, 5, 6),
(924, 6, '2017-11-09', 69, '', NULL, NULL, 1, 55, 31, 5, 6),
(925, 7, '2017-11-09', 57, '', NULL, NULL, 1, 55, 31, 5, 6),
(926, 8, '2017-11-09', 66, '', NULL, NULL, 1, 55, 31, 5, 6),
(927, 1, '2017-11-09', 38, '', 0.51, NULL, 2, 53, 31, 5, 6),
(928, 2, '2017-11-09', 42, '', 0.51, NULL, 2, 53, 31, 5, 6),
(929, 3, '2017-11-09', 44, '', 0.64, NULL, 2, 53, 31, 5, 6),
(930, 4, '2017-11-09', 49, '', 1.02, NULL, 2, 53, 31, 5, 6),
(931, 5, '2017-11-09', 52, '', 0.79, NULL, 2, 53, 31, 5, 6),
(932, 6, '2017-11-09', 52, '', 1.20, NULL, 2, 53, 31, 5, 6),
(933, 7, '2017-11-09', 49, '', 0.95, NULL, 2, 53, 31, 5, 6),
(934, 8, '2017-11-09', 45, '', 0.86, NULL, 2, 53, 31, 5, 6),
(935, 1, '2017-11-09', 37, '', 1.57, NULL, 2, 54, 31, 5, 6),
(936, 2, '2017-11-09', 44, '', 0.92, NULL, 2, 54, 31, 5, 6),
(937, 3, '2017-11-09', 27, '', 0.69, NULL, 2, 54, 31, 5, 6),
(938, 4, '2017-11-09', 47, '', 0.98, NULL, 2, 54, 31, 5, 6),
(939, 5, '2017-11-09', 36, '', 0.83, NULL, 2, 54, 31, 5, 6),
(940, 6, '2017-11-09', 29, '', 0.39, NULL, 2, 54, 31, 5, 6),
(941, 7, '2017-11-09', 29, '', 0.36, NULL, 2, 54, 31, 5, 6),
(942, 8, '2017-11-09', 40, '', 0.76, NULL, 2, 54, 31, 5, 6),
(943, 1, '2017-11-09', 71, '', 3.87, NULL, 2, 55, 31, 5, 6),
(944, 2, '2017-11-09', 68, '', 4.58, NULL, 2, 55, 31, 5, 6),
(945, 3, '2017-11-09', 65, '', 3.97, NULL, 2, 55, 31, 5, 6),
(946, 4, '2017-11-09', 62, '', 3.71, NULL, 2, 55, 31, 5, 6),
(947, 5, '2017-11-09', 64, '', 4.45, NULL, 2, 55, 31, 5, 6),
(948, 6, '2017-11-09', 69, '', 4.68, NULL, 2, 55, 31, 5, 6),
(949, 7, '2017-11-09', 57, '', 3.39, NULL, 2, 55, 31, 5, 6),
(950, 8, '2017-11-09', 66, '', 2.56, NULL, 2, 55, 31, 5, 6),
(951, 1, '2017-11-12', 77, '', NULL, NULL, 1, 40, 28, 12, 12),
(952, 2, '2017-11-12', 79, '', NULL, NULL, 1, 40, 28, 12, 12),
(953, 3, '2017-11-12', 74, '', NULL, NULL, 1, 40, 28, 12, 12),
(954, 4, '2017-11-12', 74, '', NULL, NULL, 1, 40, 28, 12, 12),
(955, 5, '2017-11-12', 76, '', NULL, NULL, 1, 40, 28, 12, 12),
(956, 6, '2017-11-12', 76, '', NULL, NULL, 1, 40, 28, 12, 12),
(957, 7, '2017-11-12', 76, '', NULL, NULL, 1, 40, 28, 12, 12),
(958, 8, '2017-11-12', 67, '', NULL, NULL, 1, 40, 28, 12, 12),
(959, 1, '2017-10-12', 86, '', NULL, NULL, 1, 41, 28, 12, 12),
(960, 2, '2017-10-12', 77, '', NULL, NULL, 1, 41, 28, 12, 12),
(961, 3, '2017-10-12', 72, '', NULL, NULL, 1, 41, 28, 12, 12),
(962, 4, '2017-10-12', 73, '', NULL, NULL, 1, 41, 28, 12, 12),
(963, 5, '2017-10-12', 76, '', NULL, NULL, 1, 41, 28, 12, 12),
(964, 6, '2017-10-12', 67, '', NULL, NULL, 1, 41, 28, 12, 12),
(965, 7, '2017-10-12', 65, '', NULL, NULL, 1, 41, 28, 12, 12),
(966, 8, '2017-10-12', 76, '', NULL, NULL, 1, 41, 28, 12, 12),
(967, 1, '2017-10-12', 65, '', NULL, NULL, 1, 42, 28, 12, 12),
(968, 2, '2017-10-12', 75, '', NULL, NULL, 1, 42, 28, 12, 12),
(969, 3, '2017-10-12', 69, '', NULL, NULL, 1, 42, 28, 12, 12),
(970, 4, '2017-10-12', 72, '', NULL, NULL, 1, 42, 28, 12, 12),
(971, 5, '2017-10-12', 78, '', NULL, NULL, 1, 42, 28, 12, 12),
(972, 6, '2017-10-12', 75, '', NULL, NULL, 1, 42, 28, 12, 12),
(973, 7, '2017-10-12', 63, '', NULL, NULL, 1, 42, 28, 12, 12),
(974, 8, '2017-10-12', 78, '', NULL, NULL, 1, 42, 28, 12, 12),
(975, 1, '2017-11-12', 65, '', 2.13, NULL, 2, 40, 28, 12, 12),
(976, 2, '2017-11-12', 75, '', 2.08, NULL, 2, 40, 28, 12, 12),
(977, 3, '2017-11-12', 69, '', 1.58, NULL, 2, 40, 28, 12, 12),
(978, 4, '2017-11-12', 72, '', 1.31, NULL, 2, 40, 28, 12, 12),
(979, 5, '2017-11-12', 78, '', 1.22, NULL, 2, 40, 28, 12, 12),
(980, 6, '2017-11-12', 75, '', 1.50, NULL, 2, 40, 28, 12, 12),
(981, 7, '2017-11-12', 63, '', 1.66, NULL, 2, 40, 28, 12, 12),
(982, 8, '2017-11-12', 78, '', 1.46, NULL, 2, 40, 28, 12, 12),
(983, 1, '2017-11-12', 86, '', 3.32, NULL, 2, 41, 28, 12, 12),
(984, 2, '2017-11-12', 77, '', 3.20, NULL, 2, 41, 28, 12, 12),
(985, 3, '2017-11-12', 72, '', 2.64, NULL, 2, 41, 28, 12, 12),
(986, 4, '2017-11-12', 73, '', 3.25, NULL, 2, 41, 28, 12, 12),
(987, 5, '2017-11-12', 76, '', 3.21, NULL, 2, 41, 28, 12, 12),
(988, 6, '2017-11-12', 67, '', 3.01, NULL, 2, 41, 28, 12, 12),
(989, 7, '2017-11-12', 65, '', 2.58, NULL, 2, 41, 28, 12, 12),
(990, 8, '2017-11-12', 76, '', 3.13, NULL, 2, 41, 28, 12, 12),
(991, 1, '2017-11-12', 77, '', 5.09, NULL, 2, 42, 28, 12, 12),
(992, 2, '2017-11-12', 79, '', 3.70, NULL, 2, 42, 28, 12, 12),
(993, 3, '2017-11-12', 74, '', 3.97, NULL, 2, 42, 28, 12, 12),
(994, 4, '2017-11-12', 74, '', 4.72, NULL, 2, 42, 28, 12, 12),
(995, 5, '2017-11-12', 76, '', 4.48, NULL, 2, 42, 28, 12, 12),
(996, 6, '2017-11-12', 76, '', 4.78, NULL, 2, 42, 28, 12, 12),
(997, 7, '2017-11-12', 73, '', 4.23, NULL, 2, 42, 28, 12, 12),
(998, 8, '2017-11-12', 67, '', 3.93, NULL, 2, 42, 28, 12, 12),
(999, 1, '2017-10-07', 52, '', NULL, NULL, 1, 50, 30, 10, 10),
(1000, 2, '2017-10-07', 74, '', NULL, NULL, 1, 50, 30, 10, 10),
(1001, 3, '2017-10-07', 82, '', NULL, NULL, 1, 50, 30, 10, 10),
(1002, 4, '2017-10-07', 96, '', NULL, NULL, 1, 50, 30, 10, 10),
(1003, 5, '2017-10-07', 71, '', NULL, NULL, 1, 50, 30, 10, 10),
(1004, 6, '2017-10-07', 91, '', NULL, NULL, 1, 50, 30, 10, 10),
(1005, 1, '2017-10-07', 74, '', NULL, NULL, 1, 51, 30, 10, 10),
(1006, 2, '2017-10-07', 102, '', NULL, NULL, 1, 51, 30, 10, 10),
(1007, 3, '2017-10-07', 74, '', NULL, NULL, 1, 51, 30, 10, 10),
(1008, 4, '2017-10-07', 115, '', NULL, NULL, 1, 51, 30, 10, 10),
(1009, 5, '2017-10-07', 72, '', NULL, NULL, 1, 51, 30, 10, 10),
(1010, 6, '2017-10-07', 91, '', NULL, NULL, 1, 51, 30, 10, 10),
(1011, 1, '2017-10-07', 83, '', NULL, NULL, 1, 52, 30, 10, 10),
(1012, 2, '2017-10-07', 104, '', NULL, NULL, 1, 52, 30, 10, 10),
(1013, 3, '2017-10-07', 106, '', NULL, NULL, 1, 52, 30, 10, 10),
(1014, 4, '2017-10-07', 99, '', NULL, NULL, 1, 52, 30, 10, 10),
(1015, 5, '2017-10-07', 104, '', NULL, NULL, 1, 52, 30, 10, 10),
(1016, 6, '2017-10-07', 118, '', NULL, NULL, 1, 52, 30, 10, 10),
(1017, 1, '2017-10-12', 52, '', 0.77, NULL, 2, 50, 30, 10, 10),
(1018, 2, '2017-10-12', 74, '', 2.40, NULL, 2, 50, 30, 10, 10),
(1019, 3, '2017-10-12', 82, '', 1.51, NULL, 2, 50, 30, 10, 10),
(1020, 4, '2017-10-12', 96, '', 2.75, NULL, 2, 50, 30, 10, 10),
(1021, 5, '2017-10-12', 71, '', 1.74, NULL, 2, 50, 30, 10, 10),
(1022, 6, '2017-10-12', 91, '', 2.64, NULL, 2, 50, 30, 10, 10),
(1023, 1, '2017-10-12', 74, '', 2.43, NULL, 2, 51, 30, 10, 10),
(1024, 2, '2017-10-12', 102, '', 4.85, NULL, 2, 51, 30, 10, 10),
(1025, 3, '2017-10-12', 74, '', 3.08, NULL, 2, 51, 30, 10, 10),
(1026, 4, '2017-10-12', 115, '', 7.31, NULL, 2, 51, 30, 10, 10),
(1027, 5, '2017-10-12', 72, '', 3.05, NULL, 2, 51, 30, 10, 10),
(1028, 6, '2017-10-12', 91, '', 4.32, NULL, 2, 51, 30, 10, 10),
(1029, 1, '2017-10-12', 83, '', 3.27, NULL, 2, 52, 30, 10, 10),
(1030, 2, '2017-10-12', 104, '', 6.13, NULL, 2, 52, 30, 10, 10),
(1031, 3, '2017-10-12', 106, '', 4.83, NULL, 2, 52, 30, 10, 10),
(1032, 4, '2017-10-12', 99, '', 5.44, NULL, 2, 52, 30, 10, 10),
(1033, 5, '2017-10-12', 104, '', 5.85, NULL, 2, 52, 30, 10, 10),
(1034, 6, '2017-10-12', 118, '', 6.80, NULL, 2, 52, 30, 10, 10),
(1035, 1, '2017-11-07', 52, '', 5.38, NULL, 3, 50, 30, 10, 10),
(1036, 2, '2017-11-07', 74, '', 13.48, NULL, 3, 50, 30, 10, 10),
(1037, 3, '2017-11-07', 82, '', 11.01, NULL, 3, 50, 30, 10, 10),
(1038, 4, '2017-11-07', 96, '', 22.02, NULL, 3, 50, 30, 10, 10),
(1039, 5, '2017-11-07', 71, '', 10.05, NULL, 3, 50, 30, 10, 10),
(1040, 6, '2017-11-07', 91, '', 13.58, NULL, 3, 50, 30, 10, 10),
(1041, 1, '2017-11-07', 74, '', 13.98, NULL, 3, 51, 30, 10, 10),
(1042, 2, '2017-11-07', 102, '', 26.81, NULL, 3, 51, 30, 10, 10),
(1043, 3, '2017-11-07', 74, '', 18.54, NULL, 3, 51, 30, 10, 10),
(1044, 4, '2017-11-07', 115, '', 36.64, NULL, 3, 51, 30, 10, 10),
(1045, 5, '2017-11-07', 72, '', 19.47, NULL, 3, 51, 30, 10, 10),
(1046, 6, '2017-11-07', 91, '', 21.28, NULL, 3, 51, 30, 10, 10),
(1047, 1, '2017-11-07', 83, '', 16.21, NULL, 3, 52, 30, 10, 10),
(1048, 2, '2017-11-07', 104, '', 30.19, NULL, 3, 52, 30, 10, 10),
(1049, 3, '2017-11-07', 106, '', 24.26, NULL, 3, 52, 30, 10, 10),
(1050, 4, '2017-11-07', 99, '', 25.19, NULL, 3, 52, 30, 10, 10),
(1051, 5, '2017-11-07', 104, '', 27.12, NULL, 3, 52, 30, 10, 10),
(1052, 6, '2017-11-07', 118, '', 34.05, NULL, 3, 52, 30, 10, 10),
(1053, 1, '2017-11-29', 38, '', 3.81, NULL, 3, 53, 31, 5, 6),
(1054, 2, '2017-11-29', 42, '', 3.71, NULL, 3, 53, 31, 5, 6),
(1055, 3, '2017-11-29', 44, '', 3.89, NULL, 3, 53, 31, 5, 6),
(1056, 4, '2017-11-29', 49, '', 5.93, NULL, 3, 53, 31, 5, 6),
(1057, 5, '2017-11-29', 52, '', 5.91, NULL, 3, 53, 31, 5, 6),
(1058, 6, '2017-11-29', 52, '', 7.21, NULL, 3, 53, 31, 5, 6),
(1059, 7, '2017-11-29', 49, '', 7.18, NULL, 3, 53, 31, 5, 6),
(1060, 8, '2017-11-29', 45, '', 6.11, NULL, 3, 53, 31, 5, 6),
(1061, 1, '2017-11-29', 37, '', 7.49, NULL, 3, 54, 31, 5, 6),
(1062, 2, '2017-11-29', 44, '', 4.72, NULL, 3, 54, 31, 5, 6),
(1063, 3, '2017-11-29', 27, '', 4.41, NULL, 3, 54, 31, 5, 6),
(1064, 4, '2017-11-29', 47, '', 6.75, NULL, 3, 54, 31, 5, 6),
(1065, 5, '2017-11-29', 36, '', 5.21, NULL, 3, 54, 31, 5, 6),
(1066, 6, '2017-11-29', 29, '', 2.74, NULL, 3, 54, 31, 5, 6),
(1067, 7, '2017-11-29', 29, '', 2.47, NULL, 3, 54, 31, 5, 6),
(1068, 8, '2017-11-29', 40, '', 4.94, NULL, 3, 54, 31, 5, 6),
(1069, 1, '2017-11-29', 71, '', 20.51, NULL, 3, 55, 31, 5, 6),
(1070, 2, '2017-11-29', 68, '', 21.77, NULL, 3, 55, 31, 5, 6),
(1071, 3, '2017-11-29', 65, '', 23.59, NULL, 3, 55, 31, 5, 6),
(1072, 4, '2017-11-29', 62, '', 23.22, NULL, 3, 55, 31, 5, 6),
(1073, 5, '2017-11-29', 64, '', 21.01, NULL, 3, 55, 31, 5, 6),
(1074, 6, '2017-11-29', 69, '', 26.77, NULL, 3, 55, 31, 5, 6),
(1075, 7, '2017-11-29', 57, '', 20.11, NULL, 3, 55, 31, 5, 6),
(1076, 8, '2017-11-29', 66, '', 14.81, NULL, 3, 55, 31, 5, 6),
(1077, 1, '2017-10-12', 56, '', NULL, NULL, 1, 63, 33, 17, 6),
(1078, 2, '2017-10-12', 61, '', NULL, NULL, 1, 63, 33, 17, 6),
(1079, 3, '2017-10-12', 60, '', NULL, NULL, 1, 63, 33, 17, 6),
(1080, 4, '2017-10-12', 50, '', NULL, NULL, 1, 63, 33, 17, 6),
(1081, 1, '2017-10-12', 52, '', NULL, NULL, 1, 64, 33, 17, 6),
(1082, 2, '2017-10-12', 53, '', NULL, NULL, 1, 64, 33, 17, 6),
(1083, 3, '2017-10-12', 44, '', NULL, NULL, 1, 64, 33, 17, 6),
(1084, 4, '2017-10-12', 35, '', NULL, NULL, 1, 64, 33, 17, 6),
(1085, 1, '2017-10-12', 37, '', NULL, NULL, 1, 65, 33, 17, 6),
(1086, 2, '2017-10-12', 44, '', NULL, NULL, 1, 65, 33, 17, 6),
(1087, 3, '2017-10-12', 27, '', NULL, NULL, 1, 65, 33, 17, 6),
(1088, 4, '2017-10-12', 47, '', NULL, NULL, 1, 65, 33, 17, 6),
(1089, 1, '2017-10-12', 36, '', NULL, NULL, 1, 66, 33, 17, 6),
(1090, 2, '2017-10-12', 29, '', NULL, NULL, 1, 66, 33, 17, 6),
(1091, 3, '2017-10-12', 29, '', NULL, NULL, 1, 66, 33, 17, 6),
(1092, 4, '2017-10-12', 40, '', NULL, NULL, 1, 66, 33, 17, 6),
(1093, 1, '2017-10-12', 38, '', NULL, NULL, 1, 67, 33, 17, 6),
(1094, 2, '2017-10-12', 42, '', NULL, NULL, 1, 67, 33, 17, 6),
(1095, 3, '2017-10-12', 44, '', NULL, NULL, 1, 67, 33, 17, 6),
(1096, 4, '2017-10-12', 49, '', NULL, NULL, 1, 67, 33, 17, 6),
(1097, 1, '2017-10-12', 52, '', NULL, NULL, 1, 68, 33, 17, 6),
(1098, 2, '2017-10-12', 52, '', NULL, NULL, 1, 68, 33, 17, 6),
(1099, 3, '2017-10-12', 49, '', NULL, NULL, 1, 68, 33, 17, 6),
(1100, 4, '2017-10-12', 45, '', NULL, NULL, 1, 68, 33, 17, 6),
(1101, 1, '2017-11-09', 56, '', 4.36, NULL, 2, 63, 33, 17, 6),
(1102, 2, '2017-11-09', 61, '', 3.43, NULL, 2, 63, 33, 17, 6),
(1103, 3, '2017-11-09', 60, '', 3.61, NULL, 2, 63, 33, 17, 6),
(1104, 4, '2017-11-09', 50, '', 3.65, NULL, 2, 63, 33, 17, 6),
(1105, 1, '2017-11-09', 52, '', 4.22, NULL, 2, 64, 33, 17, 6),
(1106, 2, '2017-11-09', 53, '', 3.83, NULL, 2, 64, 33, 17, 6),
(1107, 3, '2017-11-09', 44, '', 3.31, NULL, 2, 64, 33, 17, 6),
(1108, 4, '2017-11-09', 35, '', 3.21, NULL, 2, 64, 33, 17, 6),
(1109, 1, '2017-11-09', 37, '', 1.57, NULL, 2, 65, 33, 17, 6),
(1110, 2, '2017-11-09', 44, '', 0.92, NULL, 2, 65, 33, 17, 6),
(1111, 3, '2017-11-09', 27, '', 0.69, NULL, 2, 65, 33, 17, 6),
(1112, 4, '2017-11-09', 47, '', 0.98, NULL, 2, 65, 33, 17, 6),
(1113, 1, '2017-11-09', 36, '', 0.83, NULL, 2, 66, 33, 17, 6),
(1114, 2, '2017-11-09', 29, '', 0.39, NULL, 2, 66, 33, 17, 6),
(1115, 3, '2017-11-09', 29, '', 0.36, NULL, 2, 66, 33, 17, 6),
(1116, 4, '2017-11-09', 40, '', 0.76, NULL, 2, 66, 33, 17, 6),
(1117, 1, '2017-11-09', 38, '', 0.51, NULL, 2, 67, 33, 17, 6),
(1118, 2, '2017-11-09', 42, '', 0.51, NULL, 2, 67, 33, 17, 6),
(1119, 3, '2017-11-09', 44, '', 0.64, NULL, 2, 67, 33, 17, 6),
(1120, 4, '2017-11-09', 49, '', 1.02, NULL, 2, 67, 33, 17, 6),
(1121, 1, '2017-11-09', 52, '', 0.79, NULL, 2, 68, 33, 17, 6),
(1122, 2, '2017-11-09', 52, '', 1.20, NULL, 2, 68, 33, 17, 6),
(1123, 3, '2017-11-09', 49, '', 0.95, NULL, 2, 68, 33, 17, 6),
(1124, 4, '2017-11-09', 45, '', 0.86, NULL, 2, 68, 33, 17, 6),
(1125, 1, '2017-11-29', 56, '', 17.69, NULL, 3, 63, 33, 17, 6),
(1126, 2, '2017-11-29', 61, '', 15.59, NULL, 3, 63, 33, 17, 6),
(1127, 3, '2017-11-29', 60, '', 15.36, NULL, 3, 63, 33, 17, 6),
(1128, 4, '2017-11-29', 50, '', 15.85, NULL, 3, 63, 33, 17, 6),
(1129, 1, '2017-11-29', 52, '', 18.09, NULL, 3, 64, 33, 17, 6),
(1130, 2, '2017-11-29', 53, '', 15.84, NULL, 3, 64, 33, 17, 6),
(1131, 3, '2017-11-29', 44, '', 15.19, NULL, 3, 64, 33, 17, 6),
(1132, 4, '2017-11-29', 35, '', 15.23, NULL, 3, 64, 33, 17, 6),
(1133, 1, '2017-11-29', 37, '', 7.49, NULL, 3, 65, 33, 17, 6),
(1134, 2, '2017-11-29', 44, '', 4.72, NULL, 3, 65, 33, 17, 6),
(1135, 3, '2017-11-29', 27, '', 4.41, NULL, 3, 65, 33, 17, 6),
(1136, 4, '2017-11-29', 47, '', 6.75, NULL, 3, 65, 33, 17, 6),
(1137, 1, '2017-11-29', 36, '', 5.21, NULL, 3, 66, 33, 17, 6),
(1138, 2, '2017-11-29', 29, '', 2.74, NULL, 3, 66, 33, 17, 6),
(1139, 3, '2017-11-29', 29, '', 2.47, NULL, 3, 66, 33, 17, 6),
(1140, 4, '2017-11-29', 40, '', 4.94, NULL, 3, 66, 33, 17, 6),
(1141, 1, '2017-11-29', 38, '', 3.81, NULL, 3, 67, 33, 17, 6),
(1142, 2, '2017-11-29', 42, '', 3.71, NULL, 3, 67, 33, 17, 6),
(1143, 3, '2017-11-29', 44, '', 3.89, NULL, 3, 67, 33, 17, 6),
(1144, 4, '2017-11-29', 49, '', 5.93, NULL, 3, 67, 33, 17, 6),
(1145, 1, '2017-11-29', 52, '', 5.91, NULL, 3, 68, 33, 17, 6),
(1146, 2, '2017-11-29', 52, '', 7.21, NULL, 3, 68, 33, 17, 6),
(1147, 3, '2017-11-29', 49, '', 7.18, NULL, 3, 68, 33, 17, 6),
(1148, 4, '2017-11-29', 45, '', 6.11, NULL, 3, 68, 33, 17, 6),
(1149, 1, '2017-10-12', 60, '', NULL, NULL, 1, 56, 32, 16, 6),
(1150, 2, '2017-10-12', 58, '', NULL, NULL, 1, 56, 32, 16, 6),
(1151, 3, '2017-10-12', 53, '', NULL, NULL, 1, 56, 32, 16, 6),
(1152, 4, '2017-10-12', 46, '', NULL, NULL, 1, 56, 32, 16, 6),
(1153, 1, '2017-10-12', 64, '', NULL, NULL, 1, 57, 32, 16, 6),
(1154, 2, '2017-10-12', 64, '', NULL, NULL, 1, 57, 32, 16, 6),
(1155, 3, '2017-10-12', 68, '', NULL, NULL, 1, 57, 32, 16, 6),
(1156, 4, '2017-10-12', 67, '', NULL, NULL, 1, 57, 32, 16, 6),
(1157, 1, '2017-10-12', 63, '', NULL, NULL, 1, 58, 32, 16, 6),
(1158, 2, '2017-10-12', 62, '', NULL, NULL, 1, 58, 32, 16, 6),
(1159, 3, '2017-10-12', 74, '', NULL, NULL, 1, 58, 32, 16, 6),
(1160, 4, '2017-10-12', 64, '', NULL, NULL, 1, 58, 32, 16, 6),
(1161, 1, '2017-10-12', 57, '', NULL, NULL, 1, 59, 32, 16, 6),
(1162, 2, '2017-10-12', 60, '', NULL, NULL, 1, 59, 32, 16, 6),
(1163, 3, '2017-10-12', 55, '', NULL, NULL, 1, 59, 32, 16, 6),
(1164, 4, '2017-10-12', 43, '', NULL, NULL, 1, 59, 32, 16, 6),
(1165, 1, '2017-10-12', 68, '', NULL, NULL, 1, 60, 32, 16, 6),
(1166, 2, '2017-10-12', 60, '', NULL, NULL, 1, 60, 32, 16, 6),
(1167, 3, '2017-10-12', 73, '', NULL, NULL, 1, 60, 32, 16, 6),
(1168, 4, '2017-10-12', 50, '', NULL, NULL, 1, 60, 32, 16, 6),
(1169, 1, '2017-10-12', 67, '', NULL, NULL, 1, 61, 32, 16, 6),
(1170, 2, '2017-10-12', 65, '', NULL, NULL, 1, 61, 32, 16, 6),
(1171, 3, '2017-10-12', 55, '', NULL, NULL, 1, 61, 32, 16, 6),
(1172, 4, '2017-10-12', 64, '', NULL, NULL, 1, 61, 32, 16, 6),
(1173, 1, '2017-10-12', 57, '', NULL, NULL, 1, 62, 32, 16, 6),
(1174, 2, '2017-10-12', 62, '', NULL, NULL, 1, 62, 32, 16, 6),
(1175, 3, '2017-10-12', 65, '', NULL, NULL, 1, 62, 32, 16, 6),
(1176, 4, '2017-10-12', 56, '', NULL, NULL, 1, 62, 32, 16, 6),
(1177, 1, '2017-11-06', 60, '', 1.07, NULL, 2, 56, 32, 16, 6),
(1178, 2, '2017-11-06', 58, '', 1.32, NULL, 2, 56, 32, 16, 6),
(1179, 3, '2017-11-06', 53, '', 0.83, NULL, 2, 56, 32, 16, 6),
(1180, 4, '2017-11-06', 46, '', 0.72, NULL, 2, 56, 32, 16, 6),
(1181, 1, '2017-11-06', 64, '', 3.58, NULL, 2, 57, 32, 16, 6),
(1182, 2, '2017-11-06', 64, '', 2.61, NULL, 2, 57, 32, 16, 6),
(1183, 3, '2017-11-06', 68, '', 2.35, NULL, 2, 57, 32, 16, 6),
(1184, 4, '2017-11-06', 67, '', 2.51, NULL, 2, 57, 32, 16, 6),
(1185, 1, '2017-11-06', 63, '', 2.35, NULL, 2, 58, 32, 16, 6),
(1186, 2, '2017-11-06', 62, '', 2.65, NULL, 2, 58, 32, 16, 6),
(1187, 3, '2017-11-06', 74, '', 2.56, NULL, 2, 58, 32, 16, 6),
(1188, 4, '2017-11-06', 64, '', 1.51, NULL, 2, 58, 32, 16, 6),
(1189, 1, '2017-11-06', 57, '', 2.82, NULL, 2, 59, 32, 16, 6),
(1190, 2, '2017-11-06', 60, '', 1.85, NULL, 2, 59, 32, 16, 6),
(1191, 3, '2017-11-06', 55, '', 2.06, NULL, 2, 59, 32, 16, 6),
(1192, 4, '2017-11-06', 43, '', 1.48, NULL, 2, 59, 32, 16, 6),
(1193, 1, '2017-11-06', 68, '', 2.64, NULL, 2, 60, 32, 16, 6),
(1194, 2, '2017-11-06', 60, '', 1.91, NULL, 2, 60, 32, 16, 6),
(1195, 3, '2017-11-06', 73, '', 1.77, NULL, 2, 60, 32, 16, 6),
(1196, 4, '2017-11-06', 50, '', 1.16, NULL, 2, 60, 32, 16, 6),
(1197, 1, '2017-11-06', 67, '', 1.75, NULL, 2, 61, 32, 16, 6),
(1198, 2, '2017-11-06', 65, '', 1.43, NULL, 2, 61, 32, 16, 6),
(1199, 3, '2017-11-06', 55, '', 1.32, NULL, 2, 61, 32, 16, 6),
(1200, 4, '2017-11-06', 64, '', 1.66, NULL, 2, 61, 32, 16, 6),
(1201, 1, '2017-11-06', 57, '', 1.60, NULL, 2, 62, 32, 16, 6),
(1202, 2, '2017-11-06', 62, '', 1.42, NULL, 2, 62, 32, 16, 6),
(1203, 3, '2017-11-06', 65, '', 1.57, NULL, 2, 62, 32, 16, 6),
(1204, 4, '2017-11-06', 56, '', 1.41, NULL, 2, 62, 32, 16, 6),
(1205, 1, '2017-11-29', 60, '', 5.85, NULL, 3, 56, 32, 16, 6),
(1206, 2, '2017-11-29', 58, '', 7.00, NULL, 3, 56, 32, 16, 6),
(1207, 3, '2017-11-29', 53, '', 3.52, NULL, 3, 56, 32, 16, 6),
(1208, 4, '2017-11-29', 46, '', 2.93, NULL, 3, 56, 32, 16, 6),
(1209, 1, '2017-11-29', 64, '', 14.36, NULL, 3, 57, 32, 16, 6),
(1210, 2, '2017-11-29', 64, '', 13.73, NULL, 3, 57, 32, 16, 6),
(1211, 3, '2017-11-29', 68, '', 13.26, NULL, 3, 57, 32, 16, 6),
(1212, 4, '2017-11-29', 67, '', 10.29, NULL, 3, 57, 32, 16, 6),
(1213, 1, '2017-11-29', 63, '', 14.73, NULL, 3, 58, 32, 16, 6),
(1214, 2, '2017-11-29', 62, '', 12.27, NULL, 3, 58, 32, 16, 6),
(1215, 3, '2017-11-29', 74, '', 9.56, NULL, 3, 58, 32, 16, 6),
(1216, 4, '2017-11-29', 64, '', 5.12, NULL, 3, 58, 32, 16, 6),
(1217, 1, '2017-11-29', 57, '', 10.12, NULL, 3, 59, 32, 16, 6),
(1218, 2, '2017-11-29', 60, '', 8.78, NULL, 3, 59, 32, 16, 6),
(1219, 3, '2017-11-29', 55, '', 7.14, NULL, 3, 59, 32, 16, 6),
(1220, 4, '2017-11-29', 43, '', 5.89, NULL, 3, 59, 32, 16, 6),
(1221, 1, '2017-11-29', 68, '', 12.33, NULL, 3, 60, 32, 16, 6),
(1222, 2, '2017-11-29', 60, '', 9.61, NULL, 3, 60, 32, 16, 6),
(1223, 3, '2017-11-29', 73, '', 7.23, NULL, 3, 60, 32, 16, 6),
(1224, 4, '2017-11-29', 50, '', 4.05, NULL, 3, 60, 32, 16, 6),
(1225, 1, '2017-11-29', 67, '', 7.12, NULL, 3, 61, 32, 16, 6),
(1226, 2, '2017-11-29', 65, '', 4.81, NULL, 3, 61, 32, 16, 6),
(1227, 3, '2017-11-29', 55, '', 4.54, NULL, 3, 61, 32, 16, 6),
(1228, 4, '2017-11-29', 64, '', 5.77, NULL, 3, 61, 32, 16, 6),
(1229, 1, '2017-11-29', 57, '', 10.68, NULL, 3, 62, 32, 16, 6),
(1230, 2, '2017-11-29', 62, '', 9.92, NULL, 3, 62, 32, 16, 6),
(1231, 3, '2017-11-29', 65, '', 10.82, NULL, 3, 62, 32, 16, 6),
(1232, 4, '2017-11-29', 56, '', 7.63, NULL, 3, 62, 32, 16, 6),
(1233, 1, '2017-11-13', 53, '', NULL, NULL, 1, 69, 34, 15, 14),
(1234, 2, '2017-11-13', 59, '', NULL, NULL, 1, 69, 34, 15, 14),
(1235, 3, '2017-11-13', 60, '', NULL, NULL, 1, 69, 34, 15, 14),
(1236, 4, '2017-11-13', 60, '', NULL, NULL, 1, 69, 34, 15, 14),
(1237, 5, '2017-11-13', 54, '', NULL, NULL, 1, 69, 34, 15, 14),
(1238, 6, '2017-11-13', 57, '', NULL, NULL, 1, 69, 34, 15, 14),
(1239, 7, '2017-11-13', 61, '', NULL, NULL, 1, 69, 34, 15, 14),
(1240, 8, '2017-11-13', 59, '', NULL, NULL, 1, 69, 34, 15, 14),
(1241, 1, '2017-11-13', 65, '', NULL, NULL, 1, 70, 34, 15, 14),
(1242, 2, '2017-11-13', 62, '', NULL, NULL, 1, 70, 34, 15, 14),
(1243, 3, '2017-11-13', 53, '', NULL, NULL, 1, 70, 34, 15, 14),
(1244, 4, '2017-11-13', 62, '', NULL, NULL, 1, 70, 34, 15, 14),
(1245, 5, '2017-11-13', 62, '', NULL, NULL, 1, 70, 34, 15, 14),
(1246, 6, '2017-11-13', 57, '', NULL, NULL, 1, 70, 34, 15, 14),
(1247, 7, '2017-11-13', 61, '', NULL, NULL, 1, 70, 34, 15, 14),
(1248, 8, '2017-11-13', 54, '', NULL, NULL, 1, 70, 34, 15, 14),
(1249, 1, '2017-11-13', 53, '', 1.24, NULL, 2, 69, 34, 15, 14),
(1250, 2, '2017-11-13', 59, '', 1.70, NULL, 2, 69, 34, 15, 14),
(1251, 3, '2017-11-13', 60, '', 2.08, NULL, 2, 69, 34, 15, 14),
(1252, 4, '2017-11-13', 60, '', 2.54, NULL, 2, 69, 34, 15, 14),
(1253, 5, '2017-11-13', 54, '', 2.92, NULL, 2, 69, 34, 15, 14),
(1254, 6, '2017-11-13', 57, '', 2.45, NULL, 2, 69, 34, 15, 14),
(1255, 7, '2017-11-13', 61, '', 2.45, NULL, 2, 69, 34, 15, 14),
(1256, 8, '2017-11-13', 59, '', 2.20, NULL, 2, 69, 34, 15, 14),
(1257, 1, '2017-11-13', 65, '', 3.75, NULL, 2, 70, 34, 15, 14),
(1258, 2, '2017-11-13', 62, '', 4.75, NULL, 2, 70, 34, 15, 14),
(1259, 3, '2017-11-13', 53, '', 3.47, NULL, 2, 70, 34, 15, 14),
(1260, 4, '2017-11-13', 62, '', 3.79, NULL, 2, 70, 34, 15, 14),
(1261, 5, '2017-11-13', 62, '', 4.33, NULL, 2, 70, 34, 15, 14),
(1262, 6, '2017-11-13', 57, '', 4.13, NULL, 2, 70, 34, 15, 14),
(1263, 7, '2017-11-13', 61, '', 5.86, NULL, 2, 70, 34, 15, 14),
(1264, 8, '2017-11-13', 54, '', 4.02, NULL, 2, 70, 34, 15, 14),
(1265, 1, '2017-11-07', 22, '', NULL, NULL, 1, 71, 35, 14, 13),
(1266, 2, '2017-11-07', 37, '', NULL, NULL, 1, 71, 35, 14, 13),
(1267, 3, '2017-11-07', 35, '', NULL, NULL, 1, 71, 35, 14, 13),
(1268, 4, '2017-11-07', 41, '', NULL, NULL, 1, 71, 35, 14, 13),
(1269, 5, '2017-11-07', 26, '', NULL, NULL, 1, 71, 35, 14, 13),
(1270, 6, '2017-11-07', 39, '', NULL, NULL, 1, 71, 35, 14, 13),
(1271, 7, '2017-11-07', 54, '', NULL, NULL, 1, 71, 35, 14, 13),
(1272, 8, '2017-11-07', 50, '', NULL, NULL, 1, 71, 35, 14, 13),
(1273, 1, '2017-11-07', 66, '', NULL, NULL, 1, 72, 35, 14, 13),
(1274, 2, '2017-11-07', 43, '', NULL, NULL, 1, 72, 35, 14, 13),
(1275, 3, '2017-11-07', 55, '', NULL, NULL, 1, 72, 35, 14, 13),
(1276, 4, '2017-11-07', 50, '', NULL, NULL, 1, 72, 35, 14, 13),
(1277, 5, '2017-11-07', 36, '', NULL, NULL, 1, 72, 35, 14, 13),
(1278, 6, '2017-11-07', 44, '', NULL, NULL, 1, 72, 35, 14, 13),
(1279, 7, '2017-11-07', 46, '', NULL, NULL, 1, 72, 35, 14, 13),
(1280, 8, '2017-11-07', 43, '', NULL, NULL, 1, 72, 35, 14, 13),
(1281, 1, '2017-11-07', 22, '', 2.53, NULL, 2, 71, 35, 14, 13),
(1282, 2, '2017-11-07', 37, '', 3.54, NULL, 2, 71, 35, 14, 13),
(1283, 3, '2017-11-07', 35, '', 2.38, NULL, 2, 71, 35, 14, 13),
(1284, 4, '2017-11-07', 41, '', 5.29, NULL, 2, 71, 35, 14, 13),
(1285, 5, '2017-11-07', 26, '', 2.11, NULL, 2, 71, 35, 14, 13),
(1286, 6, '2017-11-07', 39, '', 5.10, NULL, 2, 71, 35, 14, 13),
(1287, 7, '2017-11-07', 54, '', 6.81, NULL, 2, 71, 35, 14, 13),
(1288, 8, '2017-11-07', 50, '', 6.45, NULL, 2, 71, 35, 14, 13),
(1289, 1, '2017-11-07', 66, '', 9.39, NULL, 2, 72, 35, 14, 13),
(1290, 2, '2017-11-07', 43, '', 6.94, NULL, 2, 72, 35, 14, 13),
(1291, 3, '2017-11-07', 55, '', 5.83, NULL, 2, 72, 35, 14, 13),
(1292, 4, '2017-11-07', 50, '', 6.37, NULL, 2, 72, 35, 14, 13),
(1293, 5, '2017-11-07', 36, '', 5.99, NULL, 2, 72, 35, 14, 13),
(1294, 6, '2017-11-07', 44, '', 5.51, NULL, 2, 72, 35, 14, 13),
(1295, 7, '2017-11-07', 46, '', 5.73, NULL, 2, 72, 35, 14, 13),
(1296, 8, '2017-11-07', 43, '', 7.26, NULL, 2, 72, 35, 14, 13),
(1297, 1, '2017-11-21', 21, '', 11.27, NULL, 3, 71, 35, 14, 13),
(1298, 2, '2017-11-21', 36, '', 14.16, NULL, 3, 71, 35, 14, 13),
(1299, 3, '2017-11-21', 25, '', 9.30, NULL, 3, 71, 35, 14, 13),
(1300, 4, '2017-11-21', 41, '', 19.73, NULL, 3, 71, 35, 14, 13),
(1301, 5, '2017-11-21', 26, '', 10.40, NULL, 3, 71, 35, 14, 13),
(1302, 6, '2017-11-21', 39, '', 19.59, NULL, 3, 71, 35, 14, 13),
(1303, 7, '2017-11-21', 55, '', 23.29, NULL, 3, 71, 35, 14, 13),
(1304, 8, '2017-11-21', 49, '', 21.88, NULL, 3, 71, 35, 14, 13),
(1305, 1, '2017-11-07', 71, '', 25.34, NULL, 3, 72, 35, 14, 13),
(1306, 2, '2017-11-07', 42, '', 20.42, NULL, 3, 72, 35, 14, 13),
(1307, 3, '2017-11-07', 56, '', 20.57, NULL, 3, 72, 35, 14, 13),
(1308, 4, '2017-11-07', 49, '', 21.10, NULL, 3, 72, 35, 14, 13),
(1309, 5, '2017-11-07', 36, '', 19.48, NULL, 3, 72, 35, 14, 13),
(1310, 6, '2017-11-07', 45, '', 19.82, NULL, 3, 72, 35, 14, 13),
(1311, 7, '2017-11-07', 39, '', 20.36, NULL, 3, 72, 35, 14, 13),
(1312, 8, '2017-11-07', 42, '', 24.12, NULL, 3, 72, 35, 14, 13);

-- --------------------------------------------------------

--
-- Table structure for table `users`
--

CREATE TABLE IF NOT EXISTS `users` (
  `user_id` int(11) NOT NULL COMMENT 'auto incrementing user_id of each user, unique index',
  `session_id` varchar(48) COLLATE utf8_unicode_ci DEFAULT NULL COMMENT 'stores session cookie id to prevent session concurrency',
  `user_first_name` varchar(64) COLLATE utf8_unicode_ci NOT NULL COMMENT 'user''s first name',
  `user_last_name` varchar(64) COLLATE utf8_unicode_ci NOT NULL COMMENT 'user''s last name',
  `user_password_hash` varchar(255) COLLATE utf8_unicode_ci DEFAULT NULL COMMENT 'user''s password in salted and hashed format',
  `user_email` varchar(64) COLLATE utf8_unicode_ci NOT NULL COMMENT 'user''s email, unique',
  `user_phone_number` varchar(40) COLLATE utf8_unicode_ci DEFAULT NULL COMMENT 'user''s phone number (no formatting)',
  `user_active` tinyint(1) NOT NULL DEFAULT '0' COMMENT 'user''s activation status',
  `user_deleted` tinyint(1) NOT NULL DEFAULT '0' COMMENT 'user''s deletion status',
  `user_account_type` tinyint(2) NOT NULL DEFAULT '9' COMMENT 'user''s account type (administrator=88, owner=9, standard=5, public=1)',
  `user_has_avatar` tinyint(1) NOT NULL DEFAULT '0' COMMENT '1 if user has a local avatar, 0 if not',
  `user_remember_me_token` varchar(64) COLLATE utf8_unicode_ci DEFAULT NULL COMMENT 'user''s remember-me cookie token',
  `user_creation_timestamp` bigint(20) DEFAULT NULL COMMENT 'timestamp of the creation of user''s account',
  `user_suspension_timestamp` bigint(20) DEFAULT NULL COMMENT 'Timestamp till the end of a user suspension',
  `user_last_login_timestamp` bigint(20) DEFAULT NULL COMMENT 'timestamp of user''s last login',
  `user_failed_logins` tinyint(1) NOT NULL DEFAULT '0' COMMENT 'user''s failed login attempts',
  `user_last_failed_login` int(10) DEFAULT NULL COMMENT 'unix timestamp of last failed login attempt',
  `user_activation_hash` varchar(40) COLLATE utf8_unicode_ci DEFAULT NULL COMMENT 'user''s email verification hash string',
  `user_password_reset_hash` char(40) COLLATE utf8_unicode_ci DEFAULT NULL COMMENT 'user''s password reset code',
  `user_password_reset_timestamp` bigint(20) DEFAULT NULL COMMENT 'timestamp of the password reset request',
  `user_provider_type` text COLLATE utf8_unicode_ci
) ENGINE=InnoDB AUTO_INCREMENT=27 DEFAULT CHARSET=utf8 COLLATE=utf8_unicode_ci COMMENT='user data';

--
-- Dumping data for table `users`
--

INSERT INTO `users` (`user_id`, `session_id`, `user_first_name`, `user_last_name`, `user_password_hash`, `user_email`, `user_phone_number`, `user_active`, `user_deleted`, `user_account_type`, `user_has_avatar`, `user_remember_me_token`, `user_creation_timestamp`, `user_suspension_timestamp`, `user_last_login_timestamp`, `user_failed_logins`, `user_last_failed_login`, `user_activation_hash`, `user_password_reset_hash`, `user_password_reset_timestamp`, `user_provider_type`) VALUES
(1, 'c751c64f474ff3957f49c0f5ba60113f', 'Justin', 'Pishief', '$2y$10$upOB1RGfXw6y9MkwQvei7.BqdXS66XEIx1W1FOC/KUZNWnHHPNpyC', 'justin.pishief@gmail.com', '0223205115', 1, 0, 88, 1, NULL, 1477459244, NULL, 1512508845, 0, NULL, NULL, NULL, NULL, 'DEFAULT'),
(2, 'd859da64792d5126d0b02727482787c2', 'Dan', 'Bloomer', '$2y$10$Ts9lxJZ2kA/t6r5hKyJWj.n3/6M.z8p1/EAG3.T60rO8gpqXsOk7a', 'dan@pagebloomer.co.nz', '', 1, 0, 9, 0, NULL, 1477468919, NULL, 1512438630, 0, NULL, NULL, NULL, NULL, 'DEFAULT'),
(3, NULL, 'Public', 'User', '$2y$10$5suE70ThSZyOIgN/U6fEVuQDAuNAeIdGY3HVYWlZkBpEQeKOHboGu', 'public@smartfarm.co.nz', NULL, 1, 0, 1, 0, NULL, 1474240646, NULL, 1512255400, 0, NULL, NULL, NULL, NULL, 'DEFAULT'),
(12, NULL, 'Research', 'User', '$2y$10$5suE70ThSZyOIgN/U6fEVuQDAuNAeIdGY3HVYWlZkBpEQeKOHboGu', 'research@smartfarm.co.nz', NULL, 1, 0, 1, 0, NULL, 1474240646, NULL, 1512435228, 0, NULL, NULL, NULL, NULL, 'DEFAULT'),
(18, NULL, 'Donovan', 'Keen', '$2y$10$OTmG1ePm7Nom.znDoqEKTuf7G1EFgDkUsu1A3HyxC9USd5SCjJuY.', 'donovan.keen@aswilcox.co.nz', '0278365269', 1, 0, 9, 0, NULL, 1504069279, NULL, 1512367013, 0, NULL, NULL, NULL, NULL, 'DEFAULT'),
(19, NULL, 'Dean', 'Pye', '$2y$10$5suE70ThSZyOIgN/U6fEVuQDAuNAeIdGY3HVYWlZkBpEQeKOHboGu', 'dean.p@xtra.co.nz', '027 434 7902', 1, 0, 9, 0, NULL, 1504069279, NULL, 1511221413, 0, NULL, NULL, NULL, NULL, 'DEFAULT'),
(20, NULL, 'Brent', 'Wilcox', '$2y$10$2CMx0EMvQSw.LnrsHfHUXOHx6BTpvUQ9pgkrq.9L6cXcm7ahe9F8y', 'brent@aswilcox.co.nz', '', 1, 0, 9, 0, NULL, 1512365841, NULL, 1512367047, 0, NULL, NULL, NULL, NULL, 'DEFAULT'),
(21, NULL, 'Simon', 'Wilcox', '$2y$10$OliTYhLUY.X4AO0S3UHRn.iQIidr3dXk4r6XW66dMCMi.ugLkm51u', 'simon@aswilcox.co.nz', '', 1, 0, 9, 0, NULL, 1512366189, NULL, 1512370109, 0, NULL, NULL, NULL, NULL, 'DEFAULT'),
(22, '901ea42de38317cb88463ac0bb00901f', 'Annalise', 'Williams', '$2y$10$1GQQ2Z10iT/YJJCXzypxDu7ckNF1j3bk1MpmMNLq2M46KRamBFUj2', 'annalise@seedandfield.co.nz', '027 331 6979', 1, 0, 5, 0, NULL, 1512367757, NULL, 1512421532, 0, NULL, NULL, NULL, NULL, 'DEFAULT'),
(23, NULL, 'Andrew', 'Luxmoore', '$2y$10$39niB/rE0Q9TvbP5eTn/HOyDSGTIz/5uTk9DWvg3AzH5gquiRyvn6', 'aluxmoore@fruitfedsupplies.co.nz', '0274 914 664', 1, 0, 5, 0, NULL, 1512369071, NULL, 1512369332, 0, NULL, NULL, NULL, NULL, 'DEFAULT'),
(24, NULL, 'Jon', 'Leptoutre', '$2y$10$C5JKKQ5qapMatpTx.ccZ1OeT6S/bzuJ5vjoBO3W6PCgCwPL/rSNY.', 'lepo@rdeleven.co.nz', '021 890 779', 1, 0, 9, 0, NULL, 1512369516, NULL, 1512369686, 0, NULL, NULL, NULL, NULL, 'DEFAULT'),
(25, NULL, 'Daniel', 'Lovett', '$2y$10$UX4jwKZYe/Ueo6kCUklKAuDTZe1D/N/0nhBTy1mWEo3jZqV7jPHkm', 'daniel@lffl.co.nz', '027 279 2076', 1, 0, 9, 0, NULL, 1512369889, NULL, 1512369935, 0, NULL, NULL, NULL, NULL, 'DEFAULT'),
(26, NULL, 'Murray', 'Wymer', '$2y$10$9lxQKKMpItsYEWJ3EwMXROE4RGC4xXPwcehHKlSTPjlgBadzJA5Ny', 'justin.pishief@simplifyit.nz', '', 1, 0, 9, 0, NULL, 1512370589, NULL, 1512370663, 0, NULL, NULL, NULL, NULL, 'DEFAULT');

-- --------------------------------------------------------

--
-- Table structure for table `variety`
--

CREATE TABLE IF NOT EXISTS `variety` (
  `variety_id` tinyint(3) unsigned NOT NULL,
  `variety_name` varchar(255) COLLATE utf8_unicode_ci NOT NULL
) ENGINE=InnoDB AUTO_INCREMENT=12 DEFAULT CHARSET=utf8 COLLATE=utf8_unicode_ci;

--
-- Dumping data for table `variety`
--

INSERT INTO `variety` (`variety_id`, `variety_name`) VALUES
(1, 'rhinestone'),
(2, 'pukekohe long keeper'),
(3, 'early long keeper'),
(4, 'kiwi gold'),
(5, 'waikato'),
(6, 'seminis PLK'),
(7, 'plutonus'),
(9, 'tilbury'),
(10, '930M'),
(11, 'pinnaroo');

-- --------------------------------------------------------

--
-- Table structure for table `yield`
--

CREATE TABLE IF NOT EXISTS `yield` (
  `yield_estimate` decimal(6,2) unsigned DEFAULT NULL,
  `zone_id` mediumint(9) NOT NULL,
  `crop_id` mediumint(9) unsigned NOT NULL,
  `paddock_id` mediumint(9) NOT NULL,
  `farm_id` mediumint(8) unsigned NOT NULL,
  `growth_stage_id` tinyint(3) unsigned NOT NULL
) ENGINE=InnoDB DEFAULT CHARSET=utf8 COLLATE=utf8_unicode_ci COMMENT='Paddock yield estimation per zone through each growth stage';

--
-- Dumping data for table `yield`
--

INSERT INTO `yield` (`yield_estimate`, `zone_id`, `crop_id`, `paddock_id`, `farm_id`, `growth_stage_id`) VALUES
('37.18', 12, 1, 5, 6, 2),
('24.11', 12, 1, 5, 6, 3),
('0.00', 12, 1, 5, 6, 4),
('0.00', 12, 1, 5, 6, 5),
('32.14', 13, 1, 5, 6, 2),
('20.36', 13, 1, 5, 6, 3),
('0.00', 13, 1, 5, 6, 4),
('0.00', 13, 1, 5, 6, 5),
('28.14', 14, 1, 5, 6, 2),
('39.42', 14, 1, 5, 6, 3),
('0.00', 14, 1, 5, 6, 4),
('0.00', 14, 1, 5, 6, 5),
('31.25', 15, 1, 5, 6, 2),
('40.36', 15, 1, 5, 6, 3),
('0.00', 15, 1, 5, 6, 4),
('0.00', 15, 1, 5, 6, 5),
('36.59', 16, 1, 5, 6, 2),
('41.20', 16, 1, 5, 6, 3),
('0.00', 16, 1, 5, 6, 4),
('0.00', 16, 1, 5, 6, 5),
('22.96', 17, 1, 5, 6, 2),
('20.31', 17, 1, 5, 6, 3),
('0.00', 17, 1, 5, 6, 4),
('0.00', 17, 1, 5, 6, 5),
('95.98', 18, 2, 6, 7, 2),
('64.81', 18, 2, 6, 7, 3),
('82.21', 18, 2, 6, 7, 4),
('79.87', 18, 2, 6, 7, 5),
('41.92', 19, 2, 6, 7, 2),
('37.35', 19, 2, 6, 7, 3),
('43.68', 19, 2, 6, 7, 4),
('47.28', 19, 2, 6, 7, 5),
('66.36', 20, 3, 7, 8, 2),
('41.17', 20, 3, 7, 8, 3),
('81.18', 20, 3, 7, 8, 4),
('0.00', 20, 3, 7, 8, 5),
('31.85', 21, 3, 7, 8, 2),
('19.05', 21, 3, 7, 8, 3),
('60.82', 21, 3, 7, 8, 4),
('0.00', 21, 3, 7, 8, 5),
('0.00', 22, 4, 8, 9, 2),
('53.50', 22, 4, 8, 9, 3),
('125.30', 22, 4, 8, 9, 4),
('105.63', 22, 4, 8, 9, 5),
('0.00', 23, 4, 8, 9, 2),
('17.43', 23, 4, 8, 9, 3),
('70.15', 23, 4, 8, 9, 4),
('75.26', 23, 4, 8, 9, 5),
('42.48', 38, 27, 11, 11, 2),
('0.00', 38, 27, 11, 11, 3),
('0.00', 38, 27, 11, 11, 4),
('0.00', 38, 27, 11, 11, 5),
('43.55', 39, 27, 11, 11, 2),
('0.00', 39, 27, 11, 11, 3),
('0.00', 39, 27, 11, 11, 4),
('0.00', 39, 27, 11, 11, 5),
('43.68', 40, 28, 12, 12, 2),
('0.00', 40, 28, 12, 12, 3),
('0.00', 40, 28, 12, 12, 4),
('0.00', 40, 28, 12, 12, 5),
('68.26', 41, 28, 12, 12, 2),
('0.00', 41, 28, 12, 12, 3),
('0.00', 41, 28, 12, 12, 4),
('0.00', 41, 28, 12, 12, 5),
('79.15', 42, 28, 12, 12, 2),
('0.00', 42, 28, 12, 12, 3),
('0.00', 42, 28, 12, 12, 4),
('0.00', 42, 28, 12, 12, 5),
('28.97', 50, 30, 10, 10, 2),
('37.70', 50, 30, 10, 10, 3),
('0.00', 50, 30, 10, 10, 4),
('0.00', 50, 30, 10, 10, 5),
('38.10', 51, 30, 10, 10, 2),
('37.90', 51, 30, 10, 10, 3),
('0.00', 51, 30, 10, 10, 4),
('0.00', 51, 30, 10, 10, 5),
('47.05', 52, 30, 10, 10, 2),
('39.19', 52, 30, 10, 10, 3),
('0.00', 52, 30, 10, 10, 4),
('0.00', 52, 30, 10, 10, 5),
('27.44', 53, 31, 5, 6, 2),
('38.77', 53, 31, 5, 6, 3),
('0.00', 53, 31, 5, 6, 4),
('0.00', 53, 31, 5, 6, 5),
('31.63', 54, 31, 5, 6, 2),
('32.62', 54, 31, 5, 6, 3),
('0.00', 54, 31, 5, 6, 4),
('0.00', 54, 31, 5, 6, 5),
('59.63', 55, 31, 5, 6, 2),
('75.05', 55, 31, 5, 6, 3),
('0.00', 55, 31, 5, 6, 4),
('0.00', 55, 31, 5, 6, 5),
('35.77', 56, 32, 16, 6, 2),
('51.34', 56, 32, 16, 6, 3),
('0.00', 56, 32, 16, 6, 4),
('0.00', 56, 32, 16, 6, 5),
('49.17', 57, 32, 16, 6, 2),
('43.93', 57, 32, 16, 6, 3),
('0.00', 57, 32, 16, 6, 4),
('0.00', 57, 32, 16, 6, 5),
('42.34', 58, 32, 16, 6, 2),
('41.25', 58, 32, 16, 6, 3),
('0.00', 58, 32, 16, 6, 4),
('0.00', 58, 32, 16, 6, 5),
('45.60', 59, 32, 16, 6, 2),
('39.53', 59, 32, 16, 6, 3),
('0.00', 59, 32, 16, 6, 4),
('0.00', 59, 32, 16, 6, 5),
('46.70', 60, 32, 16, 6, 2),
('49.41', 60, 32, 16, 6, 3),
('0.00', 60, 32, 16, 6, 4),
('0.00', 60, 32, 16, 6, 5),
('59.95', 61, 32, 16, 6, 2),
('33.08', 61, 32, 16, 6, 3),
('0.00', 61, 32, 16, 6, 4),
('0.00', 61, 32, 16, 6, 5),
('33.33', 62, 32, 16, 6, 2),
('47.60', 62, 32, 16, 6, 3),
('0.00', 62, 32, 16, 6, 4),
('0.00', 62, 32, 16, 6, 5),
('75.88', 63, 33, 17, 6, 2),
('62.93', 63, 33, 17, 6, 3),
('0.00', 63, 33, 17, 6, 4),
('0.00', 63, 33, 17, 6, 5),
('68.67', 64, 33, 17, 6, 2),
('59.78', 64, 33, 17, 6, 3),
('0.00', 64, 33, 17, 6, 4),
('0.00', 64, 33, 17, 6, 5),
('25.47', 65, 33, 17, 6, 2),
('25.05', 65, 33, 17, 6, 3),
('0.00', 65, 33, 17, 6, 4),
('0.00', 65, 33, 17, 6, 5),
('21.67', 66, 33, 17, 6, 2),
('24.61', 66, 33, 17, 6, 3),
('0.00', 66, 33, 17, 6, 4),
('0.00', 66, 33, 17, 6, 5),
('24.82', 67, 33, 17, 6, 2),
('34.38', 67, 33, 17, 6, 3),
('0.00', 67, 33, 17, 6, 4),
('0.00', 67, 33, 17, 6, 5),
('32.50', 68, 33, 17, 6, 2),
('47.62', 68, 33, 17, 6, 3),
('0.00', 68, 33, 17, 6, 4),
('0.00', 68, 33, 17, 6, 5),
('40.25', 69, 34, 15, 14, 2),
('0.00', 69, 34, 15, 14, 3),
('0.00', 69, 34, 15, 14, 4),
('0.00', 69, 34, 15, 14, 5),
('40.33', 70, 34, 15, 14, 2),
('0.00', 70, 34, 15, 14, 3),
('0.00', 70, 34, 15, 14, 4),
('0.00', 70, 34, 15, 14, 5),
('31.64', 71, 35, 14, 13, 2),
('28.54', 71, 35, 14, 13, 3),
('0.00', 71, 35, 14, 13, 4),
('0.00', 71, 35, 14, 13, 5),
('37.86', 72, 35, 14, 13, 2),
('40.41', 72, 35, 14, 13, 3),
('0.00', 72, 35, 14, 13, 4),
('0.00', 72, 35, 14, 13, 5);

-- --------------------------------------------------------

--
-- Table structure for table `zone`
--

CREATE TABLE IF NOT EXISTS `zone` (
  `zone_id` mediumint(9) NOT NULL,
  `zone_name` varchar(255) COLLATE utf8_unicode_ci DEFAULT NULL COMMENT 'zone identifier name',
  `zone_paddock_percentage` tinyint(4) NOT NULL,
  `crop_id` mediumint(9) unsigned NOT NULL,
  `paddock_id` mediumint(9) NOT NULL,
  `farm_id` mediumint(8) unsigned NOT NULL
) ENGINE=InnoDB AUTO_INCREMENT=73 DEFAULT CHARSET=utf8 COLLATE=utf8_unicode_ci ROW_FORMAT=COMPACT COMMENT='Zone information';

--
-- Dumping data for table `zone`
--

INSERT INTO `zone` (`zone_id`, `zone_name`, `zone_paddock_percentage`, `crop_id`, `paddock_id`, `farm_id`) VALUES
(12, 'Dry Mustard', 17, 1, 5, 6),
(13, 'Wet Mustard', 17, 1, 5, 6),
(14, 'Dry Oats', 17, 1, 5, 6),
(15, 'Wet Oats', 17, 1, 5, 6),
(16, 'Dry New', 16, 1, 5, 6),
(17, 'Wet New', 16, 1, 5, 6),
(18, 'Large', 85, 2, 6, 7),
(19, 'Small', 15, 2, 6, 7),
(20, 'Large', 60, 3, 7, 8),
(21, 'Small', 40, 3, 7, 8),
(22, 'Large', 70, 4, 8, 9),
(23, 'Small', 30, 4, 8, 9),
(38, 'Brown', 42, 27, 11, 11),
(39, 'Green/Blue', 58, 27, 11, 11),
(40, 'Brown', 57, 28, 12, 12),
(41, 'Yellow', 35, 28, 12, 12),
(42, 'Green/Blue', 8, 28, 12, 12),
(50, 'Brown', 56, 30, 10, 10),
(51, 'Green', 35, 30, 10, 10),
(52, 'Blue', 9, 30, 10, 10),
(53, 'Brown', 57, 31, 5, 6),
(54, 'Green', 36, 31, 5, 6),
(55, 'Blue', 7, 31, 5, 6),
(56, 'PLK', 14, 32, 16, 6),
(57, 'Tilbury', 14, 32, 16, 6),
(58, 'Plutonus', 14, 32, 16, 6),
(59, '930M', 14, 32, 16, 6),
(60, 'Pinnaroo', 14, 32, 16, 6),
(61, 'Waikato', 14, 32, 16, 6),
(62, 'Rhinestone', 16, 32, 16, 6),
(63, 'Large - Full rate - Late', 17, 33, 17, 6),
(64, 'Large - Full rate - Standard', 16, 33, 17, 6),
(65, 'Small - Full rate #1', 17, 33, 17, 6),
(66, 'Small - Half rate #1', 16, 33, 17, 6),
(67, 'Small - Full rate #2', 17, 33, 17, 6),
(68, 'Small - Half rate #2', 17, 33, 17, 6),
(69, 'Brown', 74, 34, 15, 14),
(70, 'Green/Blue', 26, 34, 15, 14),
(71, 'Brown', 55, 35, 14, 13),
(72, 'Green/Blue', 45, 35, 14, 13);

--
-- Indexes for dumped tables
--

--
-- Indexes for table `account_type`
--
ALTER TABLE `account_type`
  ADD PRIMARY KEY (`account_type`), ADD UNIQUE KEY `account_type` (`account_type`);

--
-- Indexes for table `crop`
--
ALTER TABLE `crop`
  ADD PRIMARY KEY (`crop_id`), ADD UNIQUE KEY `crop_id` (`crop_id`), ADD KEY `variety-crop` (`variety_id`), ADD KEY `paddock-crop` (`paddock_id`), ADD KEY `farm-crop` (`farm_id`);

--
-- Indexes for table `farm`
--
ALTER TABLE `farm`
  ADD PRIMARY KEY (`farm_id`), ADD UNIQUE KEY `farm_id` (`farm_id`);

--
-- Indexes for table `farm_users`
--
ALTER TABLE `farm_users`
  ADD PRIMARY KEY (`farm_id`,`user_id`), ADD KEY `users-farm_lookup` (`user_id`);

--
-- Indexes for table `growth_stage`
--
ALTER TABLE `growth_stage`
  ADD PRIMARY KEY (`growth_stage_id`), ADD UNIQUE KEY `growth_stage_id` (`growth_stage_id`);

--
-- Indexes for table `image`
--
ALTER TABLE `image`
  ADD PRIMARY KEY (`image_id`), ADD KEY `sample-image` (`sample_id`,`zone_id`,`paddock_id`,`farm_id`);

--
-- Indexes for table `paddock`
--
ALTER TABLE `paddock`
  ADD PRIMARY KEY (`paddock_id`,`farm_id`), ADD UNIQUE KEY `paddock_id` (`paddock_id`), ADD KEY `variety-paddock` (`variety_id`), ADD KEY `farm-paddock` (`farm_id`);

--
-- Indexes for table `sample`
--
ALTER TABLE `sample`
  ADD PRIMARY KEY (`sample_id`,`zone_id`,`paddock_id`,`farm_id`), ADD UNIQUE KEY `sample_id` (`sample_id`), ADD KEY `growth_stage-sample` (`growth_stage_id`), ADD KEY `zone-sample` (`zone_id`,`paddock_id`,`farm_id`);

--
-- Indexes for table `users`
--
ALTER TABLE `users`
  ADD PRIMARY KEY (`user_id`), ADD UNIQUE KEY `user_email` (`user_email`);

--
-- Indexes for table `variety`
--
ALTER TABLE `variety`
  ADD PRIMARY KEY (`variety_id`), ADD UNIQUE KEY `variety_id` (`variety_id`);

--
-- Indexes for table `yield`
--
ALTER TABLE `yield`
  ADD PRIMARY KEY (`zone_id`,`paddock_id`,`farm_id`,`growth_stage_id`), ADD KEY `growth_stage-yield` (`growth_stage_id`);

--
-- Indexes for table `zone`
--
ALTER TABLE `zone`
  ADD PRIMARY KEY (`zone_id`,`paddock_id`,`farm_id`), ADD UNIQUE KEY `zone_id` (`zone_id`), ADD KEY `paddock-zone` (`paddock_id`,`farm_id`);

--
-- AUTO_INCREMENT for dumped tables
--

--
-- AUTO_INCREMENT for table `crop`
--
ALTER TABLE `crop`
  MODIFY `crop_id` mediumint(9) unsigned NOT NULL AUTO_INCREMENT,AUTO_INCREMENT=36;
--
-- AUTO_INCREMENT for table `farm`
--
ALTER TABLE `farm`
  MODIFY `farm_id` mediumint(8) unsigned NOT NULL AUTO_INCREMENT,AUTO_INCREMENT=15;
--
-- AUTO_INCREMENT for table `growth_stage`
--
ALTER TABLE `growth_stage`
  MODIFY `growth_stage_id` tinyint(3) unsigned NOT NULL AUTO_INCREMENT,AUTO_INCREMENT=6;
--
-- AUTO_INCREMENT for table `image`
--
ALTER TABLE `image`
  MODIFY `image_id` mediumint(8) unsigned NOT NULL AUTO_INCREMENT;
--
-- AUTO_INCREMENT for table `paddock`
--
ALTER TABLE `paddock`
  MODIFY `paddock_id` mediumint(9) NOT NULL AUTO_INCREMENT,AUTO_INCREMENT=18;
--
-- AUTO_INCREMENT for table `sample`
--
ALTER TABLE `sample`
  MODIFY `sample_id` mediumint(9) NOT NULL AUTO_INCREMENT,AUTO_INCREMENT=1313;
--
-- AUTO_INCREMENT for table `users`
--
ALTER TABLE `users`
  MODIFY `user_id` int(11) NOT NULL AUTO_INCREMENT COMMENT 'auto incrementing user_id of each user, unique index',AUTO_INCREMENT=27;
--
-- AUTO_INCREMENT for table `variety`
--
ALTER TABLE `variety`
  MODIFY `variety_id` tinyint(3) unsigned NOT NULL AUTO_INCREMENT,AUTO_INCREMENT=12;
--
-- AUTO_INCREMENT for table `zone`
--
ALTER TABLE `zone`
  MODIFY `zone_id` mediumint(9) NOT NULL AUTO_INCREMENT,AUTO_INCREMENT=73;
--
-- Constraints for dumped tables
--

--
-- Constraints for table `farm_users`
--
ALTER TABLE `farm_users`
ADD CONSTRAINT `farm-farm_lookup` FOREIGN KEY (`farm_id`) REFERENCES `farm` (`farm_id`),
ADD CONSTRAINT `users-farm_lookup` FOREIGN KEY (`user_id`) REFERENCES `users` (`user_id`);

--
-- Constraints for table `image`
--
ALTER TABLE `image`
ADD CONSTRAINT `sample-image` FOREIGN KEY (`sample_id`, `zone_id`, `paddock_id`, `farm_id`) REFERENCES `sample` (`sample_id`, `zone_id`, `paddock_id`, `farm_id`);

--
-- Constraints for table `paddock`
--
ALTER TABLE `paddock`
ADD CONSTRAINT `farm-paddock` FOREIGN KEY (`farm_id`) REFERENCES `farm` (`farm_id`),
ADD CONSTRAINT `variety-paddock` FOREIGN KEY (`variety_id`) REFERENCES `variety` (`variety_id`);

--
-- Constraints for table `sample`
--
ALTER TABLE `sample`
ADD CONSTRAINT `growth-stage-sample` FOREIGN KEY (`growth_stage_id`) REFERENCES `growth_stage` (`growth_stage_id`),
ADD CONSTRAINT `zone-sample` FOREIGN KEY (`zone_id`, `paddock_id`, `farm_id`) REFERENCES `zone` (`zone_id`, `paddock_id`, `farm_id`);

--
-- Constraints for table `zone`
--
ALTER TABLE `zone`
ADD CONSTRAINT `paddock-zone` FOREIGN KEY (`paddock_id`, `farm_id`) REFERENCES `paddock` (`paddock_id`, `farm_id`);

/*!40101 SET CHARACTER_SET_CLIENT=@OLD_CHARACTER_SET_CLIENT */;
/*!40101 SET CHARACTER_SET_RESULTS=@OLD_CHARACTER_SET_RESULTS */;
/*!40101 SET COLLATION_CONNECTION=@OLD_COLLATION_CONNECTION */;
